STATEFIP,YEAR,bartik_shock
1,1978,0.04534627754796882
1,1979,0.03775943877986743
1,1980,0.005051001398603692
1,1981,0.011942488758459826
1,1982,-0.018828854348587422
1,1983,0.007672361357270352
1,1984,0.05184550649800395
1,1985,0.03180626929393123
1,1986,0.019745471189230424
1,1987,0.026815003994733046
1,1988,0.034123183467135956
1,1989,0.025759668273236783
1,1990,0.009812251573556837
1,1991,-0.01402713023874688
1,1992,0.0003576833885989216
1,1993,0.019276535223215974
1,1994,0.03234913935654962
1,1995,0.027162899692733174
1,1996,0.0200732062788099
1,1997,0.025914924055252527
1,1998,0.02580326602903713
1,1999,0.02277679757788054
1,2000,0.01964484470526134
1,2001,-0.0030768133923001163
1,2002,-0.015421845569676506
1,2003,-0.005426403503976013
1,2004,0.010988658260911348
1,2005,0.01835400243590551
1,2006,0.018278088177400485
1,2007,0.008632407499113042
1,2008,-0.009896221488467229
1,2009,-0.050611115765469276
1,2010,-0.010292640275995931
1,2011,0.015525628886153513
1,2012,0.019381322265100653
1,2013,0.016891755641708334
1,2014,0.019954902569583613
1,2015,0.021488944747740976
1,2016,0.016493080232996706
1,2017,0.014738263121582312
1,2018,0.01703078616937391
1,2019,0.012534824147028509
1,2020,-0.042099572607566645
1,2021,0.02669977358998119
1,2022,0.03506943136034515
1,2023,0.018314639230728513
1,2024,0.009609989629744568
1,2025,0.0037737187770940043
2,1978,0.05378232811476847
2,1979,0.041511719388310664
2,1980,0.01726606145636797
2,1981,0.013633978597486468
2,1982,-0.00818816163093654
2,1983,0.009708776797195291
2,1984,0.05161475911331466
2,1985,0.03904449158044379
2,1986,0.023476135521875757
2,1987,0.02968083540154466
2,1988,0.03569665850405233
2,1989,0.028737101292452175
2,1990,0.018161451565050703
2,1991,-0.0067279078870307605
2,1992,0.0025145885610279484
2,1993,0.022464910862205922
2,1994,0.03401127659027569
2,1995,0.02817685515389063
2,1996,0.02421887231698248
2,1997,0.028308801826730304
2,1998,0.028104651972243568
2,1999,0.02848494979782667
2,2000,0.023706571199580743
2,2001,0.006300555261884772
2,2002,-0.004500568037204708
2,2003,0.0018604534731906774
2,2004,0.014782500174593425
2,2005,0.02193638259025203
2,2006,0.022701001337115716
2,2007,0.013971218110179926
2,2008,-0.003815639045351548
2,2009,-0.04738822490775659
2,2010,-0.007316299835360793
2,2011,0.016027677698294676
2,2012,0.01926735202891386
2,2013,0.01760725316109647
2,2014,0.021129520087428657
2,2015,0.021129682606893862
2,2016,0.014451415754510762
2,2017,0.01676467619382896
2,2018,0.01754086979450382
2,2019,0.013450040845119604
2,2020,-0.04270654654675946
2,2021,0.026600432944702653
2,2022,0.03640754383336468
2,2023,0.020732844456083473
2,2024,0.013220246417679146
2,2025,0.006282346697479597
4,1978,0.05060273227882716
4,1979,0.041515643336698646
4,1980,0.011402779617627718
4,1981,0.014165529751127677
4,1982,-0.014736924409964155
4,1983,0.009924962506221257
4,1984,0.05433287376563828
4,1985,0.03921922120312781
4,1986,0.023799037802131006
4,1987,0.029749308327368825
4,1988,0.034707283108298716
4,1989,0.02772908532276985
4,1990,0.012188731857191118
4,1991,-0.011379733349479707
4,1992,0.0021511465683943334
4,1993,0.022085859325976214
4,1994,0.034751260770004504
4,1995,0.02883403614968724
4,1996,0.025165770749308307
4,1997,0.03004716174964267
4,1998,0.02999957428323714
4,1999,0.026954374491026115
4,2000,0.021350756858056194
4,2001,0.0008384425010300983
4,2002,-0.010050615028943343
4,2003,-0.0014420189583588205
4,2004,0.01264414424854244
4,2005,0.020309077391735774
4,2006,0.019895593872920322
4,2007,0.00977308872531726
4,2008,-0.01118349644676124
4,2009,-0.0541229001467039
4,2010,-0.008644881926382299
4,2011,0.015629526833732046
4,2012,0.020314993481186944
4,2013,0.01815506124935692
4,2014,0.02091268611961437
4,2015,0.022651773381309838
4,2016,0.018072271683482702
4,2017,0.015931343125093426
4,2018,0.016208328995295205
4,2019,0.013154569058898068
4,2020,-0.04383539338267571
4,2021,0.028020544360676886
4,2022,0.03827724679301702
4,2023,0.017968202715834842
4,2024,0.010050846900770821
4,2025,0.005628457462845729
5,1978,0.04898478771682728
5,1979,0.03752830484963811
5,1980,0.0050391601202927835
5,1981,0.010710796577606305
5,1982,-0.01751796563974078
5,1983,0.010497458630672335
5,1984,0.05314164051295184
5,1985,0.033380099870790554
5,1986,0.02174860313305223
5,1987,0.02770941509922287
5,1988,0.03317359566886978
5,1989,0.025073234509594908
5,1990,0.01021181035245618
5,1991,-0.011843896349029813
5,1992,0.00022566709458736976
5,1993,0.019455427869188323
5,1994,0.03173176040688363
5,1995,0.02671490572478749
5,1996,0.020862070022225516
5,1997,0.02634376845742255
5,1998,0.025702065066716698
5,1999,0.022251246232645065
5,2000,0.01821309207635268
5,2001,-0.0032214851886645055
5,2002,-0.013408124349012042
5,2003,-0.005022273341546881
5,2004,0.010317714165750717
5,2005,0.017278273650036372
5,2006,0.017674358149310107
5,2007,0.008437581856330372
5,2008,-0.00890605506540165
5,2009,-0.051823757022198186
5,2010,-0.008579464277529822
5,2011,0.01548741675584169
5,2012,0.01838870578329851
5,2013,0.01705575583374532
5,2014,0.019843181772768902
5,2015,0.022104862229462563
5,2016,0.018462397934265556
5,2017,0.01577608060907774
5,2018,0.016354263535771223
5,2019,0.012333277153834131
5,2020,-0.04021524817446277
5,2021,0.027041806840778657
5,2022,0.035381612198807665
5,2023,0.018836065715262973
5,2024,0.011361154805953663
5,2025,0.005667606097924178
6,1978,0.07234970936395824
6,1979,0.03825611090024233
6,1980,0.006299617458800808
6,1981,0.012866170065643442
6,1982,-0.016873162157094442
6,1983,0.011372005746925809
6,1984,0.05393199974702084
6,1985,0.035400051819458794
6,1986,0.020984188909561073
6,1987,0.027365572907696888
6,1988,0.03354483779955051
6,1989,0.028058161147505045
6,1990,0.006426761241676612
6,1991,-0.010741491111113279
6,1992,0.0039282810873405615
6,1993,0.02441982497174989
6,1994,0.03588814531908539
6,1995,0.031518826107509494
6,1996,0.024269762465400028
6,1997,0.02768950917813643
6,1998,0.02763732547563075
6,1999,0.024396452442312096
6,2000,0.02302295558427466
6,2001,-0.0031606349963880383
6,2002,-0.01119038169646262
6,2003,-0.006984770397794836
6,2004,0.01220355611866765
6,2005,0.020266849846607444
6,2006,0.022368335340300194
6,2007,0.009838962927474658
6,2008,-0.009431715412039555
6,2009,-0.05023761021612693
6,2010,-0.005567281859636517
6,2011,0.017104187245924333
6,2012,0.018002546127203204
6,2013,0.016205398232507374
6,2014,0.020138812122425062
6,2015,0.021367006688435736
6,2016,0.019222984491425756
6,2017,0.01640594569232286
6,2018,0.015968352787622153
6,2019,0.014817595194991838
6,2020,-0.041475501441740906
6,2021,0.02994616387178319
6,2022,0.038118300944687857
6,2023,0.021926165095452345
6,2024,0.010916705789368921
6,2025,0.003268352293916372
8,1978,0.04984925876905277
8,1979,0.04141497634203327
8,1980,0.010306366691273217
8,1981,0.014996327881296874
8,1982,-0.013287243448509687
8,1983,0.007033391015467202
8,1984,0.05360624119738682
8,1985,0.03746176507698946
8,1986,0.022375723775947473
8,1987,0.0300868790446053
8,1988,0.03513011348707045
8,1989,0.02825952161839856
8,1990,0.013004025323466168
8,1991,-0.01002938261464489
8,1992,0.00272547640936525
8,1993,0.02280559632444422
8,1994,0.035887012542747294
8,1995,0.02958986018767177
8,1996,0.025704996725355766
8,1997,0.03118327566292291
8,1998,0.030114894161819367
8,1999,0.02898859013431747
8,2000,0.022654507256723796
8,2001,-0.0005625267309258759
8,2002,-0.013506676617362882
8,2003,-0.002181974987229298
8,2004,0.012866073716278622
8,2005,0.02079767213865513
8,2006,0.019964894831829946
8,2007,0.010374768584051284
8,2008,-0.009210671302667338
8,2009,-0.052919187865368665
8,2010,-0.008622703331280264
8,2011,0.016203035782404927
8,2012,0.020295663795008922
8,2013,0.018268022225446573
8,2014,0.020821306373975973
8,2015,0.022374540040381474
8,2016,0.017926657701220528
8,2017,0.016444549837893983
8,2018,0.01757989250215027
8,2019,0.01427999032505942
8,2020,-0.044777165690677266
8,2021,0.02949121345150999
8,2022,0.03828367703287829
8,2023,0.019032237382181006
8,2024,0.01110610076705898
8,2025,0.005468838553829449
9,1978,0.05434194974903972
9,1979,0.03963324557482931
9,1980,0.0032484824706678073
9,1981,0.012113671783385856
9,1982,-0.022119226265807413
9,1983,0.008850036862044044
9,1984,0.05485124351333773
9,1985,0.03220063736727044
9,1986,0.020859723538676475
9,1987,0.027067116203620515
9,1988,0.03325398512149888
9,1989,0.025462926580068136
9,1990,0.00902354909781892
9,1991,-0.012326009779611633
9,1992,0.002033022552940016
9,1993,0.021345221960565482
9,1994,0.035325635456359014
9,1995,0.02887270658708531
9,1996,0.02340647973869108
9,1997,0.03035626025697467
9,1998,0.029063581744438457
9,1999,0.0239217849430793
9,2000,0.01950834187528996
9,2001,0.00011547722599019152
9,2002,-0.011838925510968873
9,2003,-0.001937587849626873
9,2004,0.012405177781578024
9,2005,0.018441632818246602
9,2006,0.019153932260235325
9,2007,0.010144208268277891
9,2008,-0.00799775450668026
9,2009,-0.05029119173214407
9,2010,-0.007568957060710311
9,2011,0.016031352964722623
9,2012,0.019663307353745333
9,2013,0.017803827202514687
9,2014,0.02034256389542248
9,2015,0.023380312683685907
9,2016,0.018855150270560696
9,2017,0.017015407661820563
9,2018,0.01699406710916691
9,2019,0.014280943401796463
9,2020,-0.042376972598811104
9,2021,0.027195743965383767
9,2022,0.03756200875260198
9,2023,0.019331017121711796
9,2024,0.010380102249090334
9,2025,0.006048925474962602
10,1978,0.04949645616712266
10,1979,0.03549038599878918
10,1980,0.0070955443073955245
10,1981,0.011034661555915839
10,1982,-0.014836791056111165
10,1983,0.012276641104903702
10,1984,0.05091763656245645
10,1985,0.03440201530174842
10,1986,0.023492319141425584
10,1987,0.029341079423835025
10,1988,0.03279298520679797
10,1989,0.02636877236777753
10,1990,0.011693864952087681
10,1991,-0.011468558144764112
10,1992,0.002884623612390548
10,1993,0.022242484355718458
10,1994,0.033873045650450045
10,1995,0.026622413741084865
10,1996,0.021198486017067378
10,1997,0.02792285600452601
10,1998,0.027916459341822516
10,1999,0.025534989743070603
10,2000,0.019372841319584496
10,2001,0.00022237549109719787
10,2002,-0.010224952088106627
10,2003,-0.0006324646562826113
10,2004,0.011481081795233624
10,2005,0.01833154545047336
10,2006,0.019038987306046255
10,2007,0.009784840375850173
10,2008,-0.008278697081763736
10,2009,-0.046950081843634466
10,2010,-0.008528257199928408
10,2011,0.012736332660757464
10,2012,0.01753418481757755
10,2013,0.017448938828949653
10,2014,0.01967792360715521
10,2015,0.023027728708352842
10,2016,0.020525441803976543
10,2017,0.016901927735476246
10,2018,0.01621654846608716
10,2019,0.013294304747760246
10,2020,-0.03926398263462256
10,2021,0.02714923775937156
10,2022,0.036204243867760645
10,2023,0.018712921369642272
10,2024,0.012347420534964472
10,2025,0.006137099384973074
11,1978,0.05199313853470713
11,1979,0.038578288929250144
11,1980,0.021045821023035146
11,1981,0.015076112050994014
11,1982,-0.001566742727050287
11,1983,0.016589142288740453
11,1984,0.044278921114530655
11,1985,0.040967728767156916
11,1986,0.03166591850397459
11,1987,0.03444395196629073
11,1988,0.03810785538940111
11,1989,0.03348895453316829
11,1990,0.02152699789075813
11,1991,-0.0016590180582471618
11,1992,0.011526269808071287
11,1993,0.027191307060591394
11,1994,0.03552271159196248
11,1995,0.030928507512600355
11,1996,0.026088647411176183
11,1997,0.0322163526528863
11,1998,0.031420909558510526
11,1999,0.03208160845063453
11,2000,0.026124322770044527
11,2001,0.006856250474244594
11,2002,-0.003262983448988581
11,2003,0.0039289127253073226
11,2004,0.015065430501676327
11,2005,0.02089217065577624
11,2006,0.02176074076626856
11,2007,0.015282909188482383
11,2008,-0.001547168625713182
11,2009,-0.036464588401016136
11,2010,-0.001094875762197825
11,2011,0.01440935596844899
11,2012,0.017824925713283157
11,2013,0.017483746649151328
11,2014,0.018797213824603073
11,2015,0.02249134969899306
11,2016,0.020181433630215243
11,2017,0.016906243958850074
11,2018,0.01609284643377879
11,2019,0.013941774007026633
11,2020,-0.04150631013918483
11,2021,0.028232217596680098
11,2022,0.03765421695584261
11,2023,0.01923839625029777
11,2024,0.01128071474393496
11,2025,0.005507758955015419
12,1978,0.0530328492410977
12,1979,0.040155720418571635
12,1980,0.009480577341502372
12,1981,0.011063623748069953
12,1982,-0.0164589553527586
12,1983,0.014051367222139736
12,1984,0.05380287177912082
12,1985,0.039096317698338594
12,1986,0.02509745679530122
12,1987,0.029647075435819344
12,1988,0.03414556874028643
12,1989,0.028945843936006143
12,1990,0.012199088474564926
12,1991,-0.010880700335417265
12,1992,0.0032300623195466137
12,1993,0.022959649966453163
12,1994,0.03616345899777463
12,1995,0.02985240441217874
12,1996,0.0250581858681744
12,1997,0.029906153430962416
12,1998,0.029567987139301498
12,1999,0.0286787739434516
12,2000,0.02032520286960882
12,2001,0.0018008986590239845
12,2002,-0.01061428202229535
12,2003,0.0012297739939379302
12,2004,0.011587884053961267
12,2005,0.01892394387076444
12,2006,0.01920155096428517
12,2007,0.011446506523093388
12,2008,-0.00760295147678817
12,2009,-0.04628753923119644
12,2010,-0.007864630335221452
12,2011,0.014754391760491295
12,2012,0.016705563228462346
12,2013,0.017370916793999096
12,2014,0.021529498641735954
12,2015,0.024629643967829837
12,2016,0.019439095458701847
12,2017,0.015085662471584
12,2018,0.01637962058994457
12,2019,0.013454853955503204
12,2020,-0.04316217741718694
12,2021,0.028140318112333137
12,2022,0.0379294210996637
12,2023,0.016891856687008076
12,2024,0.011486391363702197
12,2025,0.0058765722587632505
13,1978,0.0531570683974026
13,1979,0.03742260715210863
13,1980,0.006481385994019551
13,1981,0.01041961504669273
13,1982,-0.016884199169066996
13,1983,0.011028796652934212
13,1984,0.05060823853935012
13,1985,0.03332435081408019
13,1986,0.022150302653735698
13,1987,0.029111872994340572
13,1988,0.03313917372642628
13,1989,0.025585413720972425
13,1990,0.011616339871353196
13,1991,-0.009674312568734893
13,1992,0.002558828544987771
13,1993,0.020611424404828455
13,1994,0.03305909401942631
13,1995,0.027641453412136287
13,1996,0.020964784988224943
13,1997,0.026701795895792725
13,1998,0.026545116411564637
13,1999,0.023594639905743012
13,2000,0.019566413859509073
13,2001,-0.002308086228363456
13,2002,-0.015598796535982654
13,2003,-0.004266026466852726
13,2004,0.011449957392184124
13,2005,0.019253321018923877
13,2006,0.018026744371312953
13,2007,0.008747169184038634
13,2008,-0.008994327644680725
13,2009,-0.051134292548230105
13,2010,-0.00890464178027148
13,2011,0.014903666019051623
13,2012,0.018726230605853954
13,2013,0.018097771428041105
13,2014,0.021627010836521302
13,2015,0.022559557551143593
13,2016,0.018715157305101114
13,2017,0.015562296759543818
13,2018,0.016711541399187537
13,2019,0.013589436925796831
13,2020,-0.0425554800923268
13,2021,0.03060116022267837
13,2022,0.038090615494465754
13,2023,0.017363630539831018
13,2024,0.010134268015198747
13,2025,0.004781508540899644
15,1978,0.05564640729148455
15,1979,0.03899347901371782
15,1980,0.013600892778153463
15,1981,0.014564052189019829
15,1982,-0.006361897649977269
15,1983,0.015995053437218725
15,1984,0.051668181752109674
15,1985,0.0400119348328177
15,1986,0.029126488392781376
15,1987,0.033085473234599504
15,1988,0.03713199174595809
15,1989,0.030429751933408997
15,1990,0.016147243652812955
15,1991,-0.008727569250547022
15,1992,0.0036466827274286534
15,1993,0.024797253329728475
15,1994,0.036682754370161184
15,1995,0.030280460771354982
15,1996,0.025779858256413997
15,1997,0.029999190692690376
15,1998,0.028913537974595362
15,1999,0.028395916166108336
15,2000,0.021922564337766775
15,2001,0.004919279380553292
15,2002,-0.004949468058337598
15,2003,0.002492493239582398
15,2004,0.013342889963482357
15,2005,0.019551597002255665
15,2006,0.01971779559912134
15,2007,0.01310281136158686
15,2008,-0.006434565304439078
15,2009,-0.043197340248036134
15,2010,-0.007759033197044182
15,2011,0.013667661772708877
15,2012,0.01770366892734284
15,2013,0.01795461006324199
15,2014,0.020642891779076977
15,2015,0.02297124993311236
15,2016,0.02035531411257677
15,2017,0.01627198942361714
15,2018,0.015813360790361972
15,2019,0.012928409958707992
15,2020,-0.04442744203287686
15,2021,0.027920061554767915
15,2022,0.036552023126720484
15,2023,0.019061401077003114
15,2024,0.01238328141645659
15,2025,0.006493237789658564
16,1978,0.05442317673224765
16,1979,0.03991351650970222
16,1980,0.008801860604726453
16,1981,0.012787888860903849
16,1982,-0.013134756514836301
16,1983,0.012939169484357697
16,1984,0.052514352148532444
16,1985,0.03789577082905493
16,1986,0.02530321945436511
16,1987,0.030909669454518743
16,1988,0.03519294530851174
16,1989,0.02770574991333023
16,1990,0.012316997258633418
16,1991,-0.013100162166132766
16,1992,0.0016967108980980034
16,1993,0.021626006754853593
16,1994,0.03466170834099647
16,1995,0.028937561000234802
16,1996,0.022986965888094547
16,1997,0.027859177743617812
16,1998,0.02718344855739901
16,1999,0.024258432850898067
16,2000,0.020298293681481533
16,2001,-0.0019840438998355997
16,2002,-0.012457872324217724
16,2003,-0.002909423513056251
16,2004,0.013294020072472193
16,2005,0.0198452649184494
16,2006,0.01916327862454549
16,2007,0.009939591357511553
16,2008,-0.010457068258524639
16,2009,-0.05128561075466432
16,2010,-0.007676330068214906
16,2011,0.01518776211663719
16,2012,0.01833449790799406
16,2013,0.017453477093950065
16,2014,0.02072367323928651
16,2015,0.02282899139463065
16,2016,0.018931788534552317
16,2017,0.015470826435390628
16,2018,0.016376226301395812
16,2019,0.012925492617159475
16,2020,-0.042074979495395806
16,2021,0.0276977295383235
16,2022,0.036147381637123895
16,2023,0.018800849270509328
16,2024,0.011986384032890731
16,2025,0.0055081416557503085
17,1978,0.055196730733618325
17,1979,0.040783689255141885
17,1980,0.005729860783361
17,1981,0.012838970527359233
17,1982,-0.017233310981462198
17,1983,0.010886260378437707
17,1984,0.05326384238041412
17,1985,0.0337647304075498
17,1986,0.022787988543576918
17,1987,0.028815226293843758
17,1988,0.03428046081780904
17,1989,0.026285500111546872
17,1990,0.011886001606715914
17,1991,-0.010334595906600269
17,1992,0.0020522029171810762
17,1993,0.022295506007109393
17,1994,0.03439133438132396
17,1995,0.028230497605808265
17,1996,0.023206894919780546
17,1997,0.030115912764766245
17,1998,0.028545614281175326
17,1999,0.022625515917850465
17,2000,0.020571386937235283
17,2001,-0.0021375650334974346
17,2002,-0.014614304076655787
17,2003,-0.0033265042203885972
17,2004,0.012251434334730272
17,2005,0.01934904625819215
17,2006,0.018264062175108904
17,2007,0.010696088169090831
17,2008,-0.008063267804853827
17,2009,-0.050426193909299984
17,2010,-0.00760803994760493
17,2011,0.017100886623674837
17,2012,0.019143641970348967
17,2013,0.018770052211217355
17,2014,0.020283855340571595
17,2015,0.023305964302582197
17,2016,0.019656759312933956
17,2017,0.016706539992226124
17,2018,0.017668703420699025
17,2019,0.014368472396186521
17,2020,-0.04055843407307028
17,2021,0.02934849165322901
17,2022,0.03714155903115033
17,2023,0.01930765608055083
17,2024,0.010293565228934033
17,2025,0.005301671773989909
18,1978,0.055123900224514834
18,1979,0.039618505782124086
18,1980,0.0013759993864893082
18,1981,0.010548641150707245
18,1982,-0.02269917014606202
18,1983,0.008139114852528639
18,1984,0.054864550352014915
18,1985,0.030550052818196442
18,1986,0.019685732689286497
18,1987,0.027117703433457426
18,1988,0.03273848305155891
18,1989,0.024474161510139123
18,1990,0.009026227123278371
18,1991,-0.015045910720750367
18,1992,-0.0007662924177064239
18,1993,0.017207956414596735
18,1994,0.03276008222403963
18,1995,0.027543584231556804
18,1996,0.022845880409905553
18,1997,0.0275141979407018
18,1998,0.026379473634844216
18,1999,0.02125796155368755
18,2000,0.018190238103241902
18,2001,-0.005885790252859858
18,2002,-0.019576424088399585
18,2003,-0.006429576979668468
18,2004,0.011641715237930228
18,2005,0.0169333906051984
18,2006,0.017328308629717896
18,2007,0.00822043785254017
18,2008,-0.010303593150616058
18,2009,-0.054649968878843186
18,2010,-0.009196226469376607
18,2011,0.01675682078697377
18,2012,0.01937665512397425
18,2013,0.016635312183572015
18,2014,0.019841286874364
18,2015,0.021767752526766507
18,2016,0.016464340852253408
18,2017,0.016366183377959545
18,2018,0.016992411534593032
18,2019,0.013305561278950405
18,2020,-0.04257764266059152
18,2021,0.02724594148890016
18,2022,0.03684672472167279
18,2023,0.018757714834190812
18,2024,0.009949225769714855
18,2025,0.0039952591755997085
19,1978,0.05373120002356133
19,1979,0.04032687786200227
19,1980,0.007410641311876149
19,1981,0.012699523522885163
19,1982,-0.013637040384959625
19,1983,0.013113870776762012
19,1984,0.05288200203703146
19,1985,0.03620358891416249
19,1986,0.024976595746530134
19,1987,0.030342199050938157
19,1988,0.03553066323419136
19,1989,0.027799408082955918
19,1990,0.012754584228776419
19,1991,-0.007779244659895579
19,1992,0.003502869910855518
19,1993,0.02133727142257697
19,1994,0.03508701743540987
19,1995,0.02946429212911971
19,1996,0.022853543106462124
19,1997,0.028668303103907278
19,1998,0.02784186655566863
19,1999,0.023899386616409734
19,2000,0.019201188230447537
19,2001,-0.0023803150827805177
19,2002,-0.015206712273378593
19,2003,-0.004818707520251358
19,2004,0.010723169442436585
19,2005,0.017077779485681132
19,2006,0.017338808041538766
19,2007,0.009533573042590155
19,2008,-0.009385345540261986
19,2009,-0.05172486555055826
19,2010,-0.008053643192332177
19,2011,0.01524921293706922
19,2012,0.01832771601179868
19,2013,0.016468338029008486
19,2014,0.019693096396090487
19,2015,0.022860828176547054
19,2016,0.019164398246450724
19,2017,0.016188576617747346
19,2018,0.01640166964684998
19,2019,0.012683883433106852
19,2020,-0.041756326053474874
19,2021,0.02709013586218737
19,2022,0.0357279807155684
19,2023,0.01857196842955095
19,2024,0.010331978540500737
19,2025,0.005503705580518321
20,1978,0.04839384447009746
20,1979,0.03993804472164657
20,1980,0.00839215340537026
20,1981,0.013169522279584619
20,1982,-0.01611722278896852
20,1983,0.009548640820592525
20,1984,0.05283776386927633
20,1985,0.03474394681781524
20,1986,0.02125457017293339
20,1987,0.02818816994081484
20,1988,0.03495483843449256
20,1989,0.02746676405177907
20,1990,0.012518359864633948
20,1991,-0.008003448979513623
20,1992,0.0027615222784093192
20,1993,0.021306294904544002
20,1994,0.03459690092174895
20,1995,0.02881628792973929
20,1996,0.02355978547001815
20,1997,0.028909655085530575
20,1998,0.028018229687113906
20,1999,0.024781887744111025
20,2000,0.02108507454353951
20,2001,0.00022567871618479874
20,2002,-0.0115559545491496
20,2003,-0.0018196033152871496
20,2004,0.011853918640106011
20,2005,0.017821760627755655
20,2006,0.018108074934414204
20,2007,0.010190407255955885
20,2008,-0.007586800193272355
20,2009,-0.04986872251224113
20,2010,-0.0074234241145638095
20,2011,0.015413613251674167
20,2012,0.018898860758459216
20,2013,0.01714028467599808
20,2014,0.020309690998625486
20,2015,0.02211614440471038
20,2016,0.017914464896736423
20,2017,0.01600534393703173
20,2018,0.01719392745320777
20,2019,0.013071621687803433
20,2020,-0.04299075996078805
20,2021,0.026943835549395296
20,2022,0.03602608206499921
20,2023,0.02017182708374937
20,2024,0.011408678108295777
20,2025,0.004234734876194344
21,1978,0.05450037543675857
21,1979,0.040350630531049723
21,1980,0.006887703831466885
21,1981,0.013689831688500515
21,1982,-0.016794867784331417
21,1983,0.008131344865334343
21,1984,0.05137161792449097
21,1985,0.03306190611688732
21,1986,0.01814173711520168
21,1987,0.026594414132221914
21,1988,0.033671978390513904
21,1989,0.02555210383370566
21,1990,0.010901041020420362
21,1991,-0.009077267524762563
21,1992,0.0006207933180180381
21,1993,0.019845499732898723
21,1994,0.034288164620998485
21,1995,0.028063627374655706
21,1996,0.02184235595534794
21,1997,0.027323331565486744
21,1998,0.026320203067346296
21,1999,0.023061417157918464
21,2000,0.019707483583246848
21,2001,-0.0003055611192624776
21,2002,-0.012216271777878032
21,2003,-0.002690559831176504
21,2004,0.01218985168693867
21,2005,0.019622208107269255
21,2006,0.018752098634333008
21,2007,0.011029744314662568
21,2008,-0.0066259144251496855
21,2009,-0.05152392937802737
21,2010,-0.008470862757961573
21,2011,0.01642319217507646
21,2012,0.0189239134996468
21,2013,0.017308428504998297
21,2014,0.020562597570318503
21,2015,0.022398691537952008
21,2016,0.016515306849502864
21,2017,0.016130801319551774
21,2018,0.017764742352867534
21,2019,0.013319824445043336
21,2020,-0.041534922629196724
21,2021,0.027633338553548648
21,2022,0.036719869336118365
21,2023,0.019069237317572967
21,2024,0.00988133032816501
21,2025,0.004204909059236053
22,1978,0.056861052532699186
22,1979,0.0420389840475372
22,1980,0.011544103264580254
22,1981,0.014152558315326465
22,1982,-0.013876164856099367
22,1983,0.0070582365073275964
22,1984,0.05254058936741961
22,1985,0.03817196560017684
22,1986,0.021559528606636156
22,1987,0.02902930388913296
22,1988,0.03519436399209894
22,1989,0.027825256108649398
22,1990,0.014636855819733383
22,1991,-0.00977541846282818
22,1992,0.002111799982571829
22,1993,0.022627307870320343
22,1994,0.03483146887913484
22,1995,0.026952821132169447
22,1996,0.022706493775586083
22,1997,0.02940653540261769
22,1998,0.025976111559831438
22,1999,0.024097462369997838
22,2000,0.02113110552171518
22,2001,0.003290607664819967
22,2002,-0.007816883751899541
22,2003,-0.0012541422716472704
22,2004,0.014247213210522526
22,2005,0.020907502300061172
22,2006,0.023069428286593984
22,2007,0.01184120104787211
22,2008,-0.007274505388407393
22,2009,-0.04841237310069069
22,2010,-0.006780341604298629
22,2011,0.018239363353789995
22,2012,0.021347727238089365
22,2013,0.017413054305246072
22,2014,0.02148424101418214
22,2015,0.019914201211432607
22,2016,0.01424489287922759
22,2017,0.01629130053069756
22,2018,0.019272778797540826
22,2019,0.012615686063945562
22,2020,-0.04677512792967969
22,2021,0.025329505974714044
22,2022,0.0375497507120727
22,2023,0.021237437771175184
22,2024,0.013000432211781678
22,2025,0.005636929458584405
23,1978,0.05018848680234034
23,1979,0.037406208777309775
23,1980,0.0056226971453975805
23,1981,0.010555892315257342
23,1982,-0.0193548877709071
23,1983,0.010488213600788875
23,1984,0.051455417506495474
23,1985,0.03313518220174244
23,1986,0.023462713133045276
23,1987,0.02892623841787615
23,1988,0.0342819587130235
23,1989,0.026952442098346133
23,1990,0.011614738282584684
23,1991,-0.009800304207017597
23,1992,0.0033723687182628643
23,1993,0.021564408540644415
23,1994,0.03405440430439639
23,1995,0.028494244833948582
23,1996,0.02293822559792198
23,1997,0.02802110323016735
23,1998,0.026802362405446572
23,1999,0.023739258615228957
23,2000,0.019852239536653934
23,2001,6.853397347234111e-05
23,2002,-0.010065272224181493
23,2003,-0.0007053185051095642
23,2004,0.012663697144120975
23,2005,0.018573751701110038
23,2006,0.0187341143880132
23,2007,0.010707043891579246
23,2008,-0.008106687116490763
23,2009,-0.04848859069114735
23,2010,-0.008571190817010597
23,2011,0.015840073308668372
23,2012,0.018895528534650888
23,2013,0.01775373818175312
23,2014,0.020225853732951105
23,2015,0.022919881833258344
23,2016,0.019021959796473146
23,2017,0.01655420288864232
23,2018,0.01655257251055301
23,2019,0.012752497525263194
23,2020,-0.04387314270561142
23,2021,0.026238044793192222
23,2022,0.03533162133530905
23,2023,0.01900817752626065
23,2024,0.011158875989137028
23,2025,0.006193146606143056
24,1978,0.04095903589526558
24,1979,0.03804755544729971
24,1980,0.011766041360892696
24,1981,0.011757038477818872
24,1982,-0.01150434321259935
24,1983,0.013516185926430974
24,1984,0.049800702634176325
24,1985,0.03913602214131755
24,1986,0.027356577207197377
24,1987,0.03062948461858808
24,1988,0.0353029660466615
24,1989,0.02806645269619391
24,1990,0.01471830032618642
24,1991,-0.007659177393616678
24,1992,0.004678131971247925
24,1993,0.024917976412416
24,1994,0.03557878747663349
24,1995,0.02945483548005607
24,1996,0.023480115301592497
24,1997,0.030816696470797916
24,1998,0.030452214737118413
24,1999,0.029563569447133994
24,2000,0.023659054951139114
24,2001,0.003279393296706702
24,2002,-0.0060917744251711295
24,2003,0.000694615047594699
24,2004,0.014097057885721664
24,2005,0.02047890622878032
24,2006,0.020930605413016754
24,2007,0.01288125696382136
24,2008,-0.005159137017144562
24,2009,-0.04368492639702612
24,2010,-0.006070712973326622
24,2011,0.013858817788480433
24,2012,0.01771824359888829
24,2013,0.017742135104412478
24,2014,0.020699573159236328
24,2015,0.02312155047983049
24,2016,0.020370113583032392
24,2017,0.017175802115589892
24,2018,0.01718559386805762
24,2019,0.013314752662985156
24,2020,-0.040886479351381184
24,2021,0.028450472850605764
24,2022,0.03568021466434204
24,2023,0.02006546725323716
24,2024,0.013595737158260613
24,2025,0.0074340370434295535
25,1978,0.05106661978724379
25,1979,0.03894599020717395
25,1980,0.006215542151326008
25,1981,0.012183392820270568
25,1982,-0.01853090510539234
25,1983,0.010534487731742093
25,1984,0.053643041509876546
25,1985,0.033385265113704356
25,1986,0.023276520714472372
25,1987,0.029292567491263136
25,1988,0.0347559943803532
25,1989,0.027944376257065806
25,1990,0.012074140064646856
25,1991,-0.008074094115556766
25,1992,0.004738930814732075
25,1993,0.02228601056508102
25,1994,0.03591984490513469
25,1995,0.030034962093942623
25,1996,0.024549050931599387
25,1997,0.029730732306857136
25,1998,0.0296204201915229
25,1999,0.02601107130867101
25,2000,0.021405661157992896
25,2001,-0.00029988803834907446
25,2002,-0.011743571614903341
25,2003,-7.515618436614621e-06
25,2004,0.013718126605573951
25,2005,0.020490017766800022
25,2006,0.021416510482624867
25,2007,0.011913081316932658
25,2008,-0.0056637786962378
25,2009,-0.04410917692474082
25,2010,-0.005058951064080305
25,2011,0.016159711032387624
25,2012,0.02048825644838044
25,2013,0.018843919504997322
25,2014,0.02004206625732774
25,2015,0.023660151666436424
25,2016,0.02000297523749645
25,2017,0.01697937147699685
25,2018,0.016764106213594927
25,2019,0.014034511219233653
25,2020,-0.041149359244245794
25,2021,0.027623579817583576
25,2022,0.037105114111988934
25,2023,0.019998587495252972
25,2024,0.011757060145632773
25,2025,0.006191186158619339
26,1978,0.056190704929501636
26,1979,0.040067280891844165
26,1980,0.004195808451558168
26,1981,0.011084369950276127
26,1982,-0.019569249247797828
26,1983,0.008906868573087812
26,1984,0.05418494840882561
26,1985,0.03179120727509246
26,1986,0.019045116903083838
26,1987,0.02587494382006178
26,1988,0.03452722794241266
26,1989,0.025871620853683983
26,1990,0.009299348457114671
26,1991,-0.012357605839649184
26,1992,-0.0003835380642981679
26,1993,0.018815295610408917
26,1994,0.034493907264164896
26,1995,0.02996810816761296
26,1996,0.020670695990251606
26,1997,0.02871466785535471
26,1998,0.026550622898251764
26,1999,0.022637395396347678
26,2000,0.01988794683256429
26,2001,-0.005777026954145769
26,2002,-0.01757008312286945
26,2003,-0.006262456281728136
26,2004,0.011043892169417239
26,2005,0.01813076950826413
26,2006,0.018853367439418237
26,2007,0.009072514930423114
26,2008,-0.008837618518832871
26,2009,-0.05348146430260378
26,2010,-0.006874806616467015
26,2011,0.017291268422900744
26,2012,0.019167374693305463
26,2013,0.016768048743524385
26,2014,0.02000568939863256
26,2015,0.021911316080242667
26,2016,0.016414987901714057
26,2017,0.015206409531453465
26,2018,0.01748326846143465
26,2019,0.013670613504040188
26,2020,-0.04412916749325913
26,2021,0.026865608822666358
26,2022,0.03563680741167048
26,2023,0.01765177469745959
26,2024,0.00880991273850479
26,2025,0.0045455436355063255
27,1978,0.044181159926281056
27,1979,0.04026042683243555
27,1980,0.008228711298802035
27,1981,0.014028302370010834
27,1982,-0.011737553630737944
27,1983,0.012383766361597194
27,1984,0.05360421438570766
27,1985,0.03640567496367639
27,1986,0.024799833464299547
27,1987,0.03059883958424239
27,1988,0.0348173165990384
27,1989,0.028945980130323293
27,1990,0.012306885369171246
27,1991,-0.008667026711614505
27,1992,0.003369680430804318
27,1993,0.021751456501944395
27,1994,0.03518720739859186
27,1995,0.03005879706926456
27,1996,0.02361095997539238
27,1997,0.028870758236838587
27,1998,0.02816259183546753
27,1999,0.024805276642673374
27,2000,0.019359733632883718
27,2001,-0.0033816164384828846
27,2002,-0.01535603445355483
27,2003,-0.002355271850155876
27,2004,0.012530540022762887
27,2005,0.018793104265022884
27,2006,0.018801908770130868
27,2007,0.010034981660301066
27,2008,-0.00914357827360134
27,2009,-0.050730585223677536
27,2010,-0.007234841879724589
27,2011,0.016205835123045756
27,2012,0.019558505746185676
27,2013,0.017452082772073812
27,2014,0.02035664504345723
27,2015,0.023190911246473996
27,2016,0.018791853120277317
27,2017,0.015589447366898898
27,2018,0.01778850212839951
27,2019,0.013532425306550524
27,2020,-0.043083953170750776
27,2021,0.028554894870302536
27,2022,0.03772577165073374
27,2023,0.01904655347434737
27,2024,0.010312124411053109
27,2025,0.004776483353364997
28,1978,0.04744608912563484
28,1979,0.03879490507645666
28,1980,0.00553205076448611
28,1981,0.011978280024845944
28,1982,-0.017455203056551724
28,1983,0.005569492042267209
28,1984,0.05220017861185013
28,1985,0.03174419568157038
28,1986,0.018465569903200602
28,1987,0.02654659071672408
28,1988,0.03349874842252301
28,1989,0.0253146781633805
28,1990,0.010255776322389063
28,1991,-0.01202484196772577
28,1992,0.0002825773664806437
28,1993,0.01921314537901826
28,1994,0.033438825503951386
28,1995,0.027120528139656985
28,1996,0.02032618547450965
28,1997,0.026161505212524333
28,1998,0.025147227123723616
28,1999,0.020688170591409677
28,2000,0.017969157442369214
28,2001,-0.001697850771844045
28,2002,-0.013776100983590066
28,2003,-0.00529746252583942
28,2004,0.011546656885676623
28,2005,0.018176692353754617
28,2006,0.018685485681766506
28,2007,0.008595235501924283
28,2008,-0.00886468418539345
28,2009,-0.04985726491210076
28,2010,-0.008315632049303415
28,2011,0.016803713053652747
28,2012,0.019280157896442916
28,2013,0.017155501953424482
28,2014,0.020341759091366342
28,2015,0.020868241212796988
28,2016,0.01517657371665104
28,2017,0.015255608797000582
28,2018,0.0176255218573783
28,2019,0.01316548406245096
28,2020,-0.0437300218243634
28,2021,0.026845607120176234
28,2022,0.03708871586490744
28,2023,0.01899862887807788
28,2024,0.011383316391158716
28,2025,0.005328979046609921
29,1978,0.07988291705762383
29,1979,0.039512055686476304
29,1980,0.008032302898008516
29,1981,0.012422192144202216
29,1982,-0.015246106255847915
29,1983,0.011745121075136264
29,1984,0.053763260706558264
29,1985,0.03383741172929901
29,1986,0.023186567218506007
29,1987,0.02938888950382816
29,1988,0.03431766630820578
29,1989,0.027308297669399996
29,1990,0.012630664643755379
29,1991,-0.011772953115325354
29,1992,0.00289561924671037
29,1993,0.022045763158191324
29,1994,0.0348054301802833
29,1995,0.027968019715368
29,1996,0.02271772824189224
29,1997,0.029415184070891345
29,1998,0.02898534430530014
29,1999,0.025157402493363887
29,2000,0.01989378426552212
29,2001,-0.0002718870616973785
29,2002,-0.012681614810503228
29,2003,-0.0022294488852316525
29,2004,0.01379871564269951
29,2005,0.01915775955595756
29,2006,0.018386505160395895
29,2007,0.009752101325971966
29,2008,-0.00897559320365413
29,2009,-0.05193431767882036
29,2010,-0.008855126411315663
29,2011,0.0152543672794588
29,2012,0.019579090551612464
29,2013,0.017605229636357505
29,2014,0.02044693600697448
29,2015,0.023018249814173934
29,2016,0.019481225186262753
29,2017,0.01688706578900921
29,2018,0.017092164649609217
29,2019,0.013440485656304029
29,2020,-0.042807782264193246
29,2021,0.027727052994986914
29,2022,0.03663028886529777
29,2023,0.018774239458390712
29,2024,0.009691181128464042
29,2025,0.004832771950767859
30,1978,0.08014653285284659
30,1979,0.04236090235099733
30,1980,0.01537392083345906
30,1981,0.015489149363417451
30,1982,-0.009271173141758982
30,1983,0.007990619165036291
30,1984,0.05251587477737347
30,1985,0.038075390477382114
30,1986,0.026339345362025333
30,1987,0.03194336709299105
30,1988,0.037048723590001366
30,1989,0.03002462888152242
30,1990,0.01599873975011061
30,1991,-0.0055516327618043435
30,1992,0.004102708535890128
30,1993,0.024013560719422372
30,1994,0.036853647571309996
30,1995,0.030681924831513076
30,1996,0.024862484914992815
30,1997,0.02925953137778802
30,1998,0.028395240758460342
30,1999,0.027382288787106735
30,2000,0.02225175656923281
30,2001,0.0029159783987670277
30,2002,-0.00795273746296507
30,2003,0.0005381296604675338
30,2004,0.014945672323629441
30,2005,0.021555889689408945
30,2006,0.021231802799741507
30,2007,0.012086845846156637
30,2008,-0.007385364911180919
30,2009,-0.04953542767081557
30,2010,-0.008581582020732795
30,2011,0.016609717430477264
30,2012,0.019799563813993053
30,2013,0.01884380635732864
30,2014,0.021289151057469265
30,2015,0.02208004192276724
30,2016,0.01808794131051311
30,2017,0.016279078994070918
30,2018,0.01647401686346925
30,2019,0.012900993337114088
30,2020,-0.04508307029060406
30,2021,0.028716121067758428
30,2022,0.03609702320855155
30,2023,0.019535212590279506
30,2024,0.011623719327893335
30,2025,0.005466335633093741
31,1978,0.0515072595284663
31,1979,0.040278524003185705
31,1980,0.009362125254948986
31,1981,0.012434164465597993
31,1982,-0.010824108797137855
31,1983,0.014329015534598567
31,1984,0.05338369507706146
31,1985,0.03815555849424363
31,1986,0.026134477732315364
31,1987,0.031351046048311765
31,1988,0.03512478105596805
31,1989,0.028622151389134567
31,1990,0.013463573008504412
31,1991,-0.00846802078927177
31,1992,0.004190181086995369
31,1993,0.022354987185334102
31,1994,0.03533253581409189
31,1995,0.02958314946806575
31,1996,0.024226049672728747
31,1997,0.030083908359640955
31,1998,0.028867496290556023
31,1999,0.026042047136235785
31,2000,0.02001519254860409
31,2001,0.00030606814504952496
31,2002,-0.01116584482280706
31,2003,-0.0008918714058333537
31,2004,0.01232568453672714
31,2005,0.018783421586984435
31,2006,0.018309373908505126
31,2007,0.00984318278158933
31,2008,-0.008501276329951308
31,2009,-0.0493702429370813
31,2010,-0.007540411604686097
31,2011,0.014182036029420439
31,2012,0.017612270942723367
31,2013,0.017423730507302726
31,2014,0.02057895266044709
31,2015,0.0232591571852688
31,2016,0.019936677938417347
31,2017,0.016284493333271477
31,2018,0.016687346224875655
31,2019,0.013515853424890157
31,2020,-0.04100704603229633
31,2021,0.027430246966860434
31,2022,0.03644553531058207
31,2023,0.017713901033141573
31,2024,0.010092269118335991
31,2025,0.004915602473426629
32,1978,0.05282328085331549
32,1979,0.04466013104490548
32,1980,0.01697584257866764
32,1981,0.018868625160457026
32,1982,-0.0035794099759256424
32,1983,0.015163637089717723
32,1984,0.053016654099672246
32,1985,0.043239157313458045
32,1986,0.030988204417342523
32,1987,0.03328308213623596
32,1988,0.03867593314870943
32,1989,0.031662546506558094
32,1990,0.01701855642992642
32,1991,-0.012229282462471501
32,1992,0.0007644827721244676
32,1993,0.024672063306916157
32,1994,0.03330534646104269
32,1995,0.0300295464033649
32,1996,0.02574781658767499
32,1997,0.030513406072246955
32,1998,0.030553319583589176
32,1999,0.027728154543381907
32,2000,0.02094361006712483
32,2001,0.006112116434104588
32,2002,-0.004302286995078588
32,2003,0.0020063734855395345
32,2004,0.013729592152751649
32,2005,0.019736414435406295
32,2006,0.02093768982202408
32,2007,0.011457951266206946
32,2008,-0.008705191975459228
32,2009,-0.04945825069604342
32,2010,-0.008882610637134525
32,2011,0.015922643066504073
32,2012,0.019222147012545997
32,2013,0.019674994191911793
32,2014,0.021155932816935098
32,2015,0.021844732785554953
32,2016,0.01886345106574454
32,2017,0.017104336509638596
32,2018,0.01610564467555827
32,2019,0.01354765282520301
32,2020,-0.05792892099336436
32,2021,0.03091788248285418
32,2022,0.04249526084220982
32,2023,0.019347942969115895
32,2024,0.010508770049701762
32,2025,0.003961442040322085
33,1978,0.051064174867603805
33,1979,0.037035522027938285
33,1980,0.0028786120798323027
33,1981,0.010679639537930625
33,1982,-0.022196158400695977
33,1983,0.009131162004352354
33,1984,0.05496202733095319
33,1985,0.03135116103484614
33,1986,0.018780840114183506
33,1987,0.02568982480002642
33,1988,0.032674878561942115
33,1989,0.02404737565501805
33,1990,0.007707953495591051
33,1991,-0.016064937547488126
33,1992,8.279869489553936e-05
33,1993,0.02039725757752133
33,1994,0.03498298938392973
33,1995,0.02911716419338521
33,1996,0.022629230688687038
33,1997,0.027709234047389213
33,1998,0.027788791271387534
33,1999,0.022794876908203383
33,2000,0.020092501290763076
33,2001,-0.003796120078130615
33,2002,-0.017912507515949482
33,2003,-0.004579374412383881
33,2004,0.012309649531668267
33,2005,0.018675797579813806
33,2006,0.01899017386813624
33,2007,0.009383765504398305
33,2008,-0.009713807084355786
33,2009,-0.05286020486593608
33,2010,-0.008445037112233924
33,2011,0.016193407016118044
33,2012,0.019429301888728025
33,2013,0.01788778456959619
33,2014,0.020603508331625622
33,2015,0.023044339667028926
33,2016,0.018905895332202202
33,2017,0.01574824587776724
33,2018,0.017090798867067252
33,2019,0.013113103548188107
33,2020,-0.043486978325182064
33,2021,0.026756892143777668
33,2022,0.03534106822042671
33,2023,0.019090419774168525
33,2024,0.009981939493679532
33,2025,0.005394009392008644
34,1978,0.05218789664648006
34,1979,0.03721971367481158
34,1980,0.0059623547063124395
34,1981,0.011651471790089726
34,1982,-0.017576339719620655
34,1983,0.009754293895906917
34,1984,0.05156865988070334
34,1985,0.03310382771936892
34,1986,0.023351920370925677
34,1987,0.029169018357856864
34,1988,0.03408867876374736
34,1989,0.02738034892499326
34,1990,0.01255549658245912
34,1991,-0.009561993984139414
34,1992,0.004202310473826326
34,1993,0.022510389116128866
34,1994,0.03461878246511889
34,1995,0.028671957853982476
34,1996,0.023217011136432365
34,1997,0.028522892859908933
34,1998,0.02820160944469727
34,1999,0.02574643319866531
34,2000,0.02052925484189406
34,2001,-0.0002723754074450296
34,2002,-0.012011004924327611
34,2003,0.00019769513087889503
34,2004,0.012303316569787429
34,2005,0.018310081319242354
34,2006,0.019516537456782335
34,2007,0.011872655566161785
34,2008,-0.006587713203327403
34,2009,-0.04727349258986649
34,2010,-0.007012904778949198
34,2011,0.01553385816999971
34,2012,0.019106555787234542
34,2013,0.018082683818769263
34,2014,0.020341296139367696
34,2015,0.023749806886844006
34,2016,0.021263050494345896
34,2017,0.017942432815117405
34,2018,0.01710136968571782
34,2019,0.014628451478232978
34,2020,-0.04091188967159215
34,2021,0.029853619381716986
34,2022,0.037059202771348235
34,2023,0.018338283020329974
34,2024,0.010346726177023693
34,2025,0.005849316661647183
35,1978,0.05287924206982199
35,1979,0.041763997384118484
35,1980,0.016548472250011936
35,1981,0.017368286725256487
35,1982,-0.007040773592811653
35,1983,0.010926248741223395
35,1984,0.05119901385575676
35,1985,0.03826851644985456
35,1986,0.024276777057992766
35,1987,0.030199178683332537
35,1988,0.035848352963390825
35,1989,0.02904513220405324
35,1990,0.01493966304548494
35,1991,-0.01033010555930916
35,1992,0.0025519813431050843
35,1993,0.02300115424100037
35,1994,0.03660147155931287
35,1995,0.029646796744132335
35,1996,0.02553581391754462
35,1997,0.030913976623914204
35,1998,0.0292813427939574
35,1999,0.027009399121861396
35,2000,0.022822689403761854
35,2001,0.004987383718768461
35,2002,-0.008257635911052085
35,2003,0.001419071922811931
35,2004,0.015671444517839618
35,2005,0.02222569775294864
35,2006,0.02315403544498366
35,2007,0.013012151399481649
35,2008,-0.00469319297096352
35,2009,-0.04697932561474964
35,2010,-0.006452848917106783
35,2011,0.01742183750264197
35,2012,0.019948160454878457
35,2013,0.018626141398831886
35,2014,0.021319367087172195
35,2015,0.020378505395537764
35,2016,0.015772187121573855
35,2017,0.016152483309428617
35,2018,0.016756056446921727
35,2019,0.012374216900270239
35,2020,-0.04604199721650505
35,2021,0.026273023480583198
35,2022,0.03589650993072069
35,2023,0.02038268795522868
35,2024,0.011870655366961911
35,2025,0.005705905024801932
36,1978,0.05033097158237916
36,1979,0.03987282647649632
36,1980,0.010873847206348425
36,1981,0.014981435450055175
36,1982,-0.011135930240666916
36,1983,0.012213181115740768
36,1984,0.053335810164812
36,1985,0.03488454528158305
36,1986,0.02770557210854414
36,1987,0.0313283563001209
36,1988,0.03703885974677466
36,1989,0.029555768040959725
36,1990,0.013677046458237056
36,1991,-0.005184233360522938
36,1992,0.0073065311530251965
36,1993,0.024529357995605745
36,1994,0.036252174720259114
36,1995,0.031259972850331295
36,1996,0.024397359462113896
36,1997,0.029379445024065934
36,1998,0.02924206772724049
36,1999,0.026785935744790223
36,2000,0.019478456983047406
36,2001,0.0038269127414683893
36,2002,-0.008786034552063823
36,2003,-0.0001227746064560434
36,2004,0.013989005671509467
36,2005,0.02023293263452946
36,2006,0.020797999063667364
36,2007,0.01331319399757618
36,2008,-0.006123359312747485
36,2009,-0.04337603382522667
36,2010,-0.006096912950761264
36,2011,0.016396006733208287
36,2012,0.020213119590602666
36,2013,0.01737595981449621
36,2014,0.021044073953971537
36,2015,0.02309727740967142
36,2016,0.022056229163646322
36,2017,0.01824159359413593
36,2018,0.017804564794701622
36,2019,0.016737857832206424
36,2020,-0.04069694452048629
36,2021,0.02964210133304819
36,2022,0.03587540880076604
36,2023,0.019796602642572374
36,2024,0.013545203113348676
36,2025,0.006816722532114687
37,1978,0.07344345368751062
37,1979,0.03591493156307268
37,1980,0.002404785956471829
37,1981,0.008545229680987988
37,1982,-0.019368612509507763
37,1983,0.009251760284131078
37,1984,0.05014591430103183
37,1985,0.028110368571799275
37,1986,0.019542554602326574
37,1987,0.025963332736021666
37,1988,0.032179527981078954
37,1989,0.023835589063160387
37,1990,0.008509965993792912
37,1991,-0.013949419926700882
37,1992,0.0004514464315228077
37,1993,0.019151668424403155
37,1994,0.032377215156116045
37,1995,0.027056922951474795
37,1996,0.01953593173003778
37,1997,0.02621436920060371
37,1998,0.026539762814222108
37,1999,0.020755566615428045
37,2000,0.016926648095798528
37,2001,-0.0037406702607313616
37,2002,-0.014884908660725891
37,2003,-0.004407972795035939
37,2004,0.011415500530819649
37,2005,0.017859750079504057
37,2006,0.018037236722521673
37,2007,0.00844459342683468
37,2008,-0.009382820849679898
37,2009,-0.05149045042039112
37,2010,-0.008723136898519827
37,2011,0.015041233468095617
37,2012,0.01761623429254367
37,2013,0.01854400800184111
37,2014,0.0203810233635908
37,2015,0.02286464412155306
37,2016,0.018786313774279403
37,2017,0.016027323726927792
37,2018,0.016274787628103
37,2019,0.013536758466654525
37,2020,-0.041801283665477244
37,2021,0.027680795479422204
37,2022,0.03729707721666924
37,2023,0.017964743926696794
37,2024,0.009612265059548895
37,2025,0.004360269642243855
38,1978,0.056322884991614044
38,1979,0.04313808090356704
38,1980,0.016936244726364697
38,1981,0.017027336795577778
38,1982,-0.0054592799164935885
38,1983,0.012587607951666826
38,1984,0.05235573575787463
38,1985,0.039072083903199495
38,1986,0.025760500198885677
38,1987,0.031868410414758325
38,1988,0.03812651303902369
38,1989,0.03167313078573622
38,1990,0.01723053780443765
38,1991,-0.002180243858000327
38,1992,0.005574011259802215
38,1993,0.022996765547851492
38,1994,0.03636960552299605
38,1995,0.030916363795020076
38,1996,0.025153407057090245
38,1997,0.029387911239635075
38,1998,0.028023081869903505
38,1999,0.026412675315604695
38,2000,0.021331438205349457
38,2001,0.003731095973678822
38,2002,-0.006587483078605308
38,2003,0.0013934542998587007
38,2004,0.013881730209732521
38,2005,0.02071172584924609
38,2006,0.020633422694906173
38,2007,0.012974996210550246
38,2008,-0.006324355654414499
38,2009,-0.04529106454723171
38,2010,-0.006753443498934316
38,2011,0.017022097190676953
38,2012,0.020257750491426415
38,2013,0.01781136158611348
38,2014,0.020813159635884586
38,2015,0.01895007702436578
38,2016,0.012018072942323642
38,2017,0.016328960776195597
38,2018,0.019165752244561362
38,2019,0.012580046091450652
38,2020,-0.047160973573789476
38,2021,0.02377559785289376
38,2022,0.036123349908674385
38,2023,0.020923271143650862
38,2024,0.010627510471499986
38,2025,0.004742306903281587
39,1978,0.05545987769729361
39,1979,0.038777436887248
39,1980,0.003813137748794321
39,1981,0.011840349729713456
39,1982,-0.019438408614148955
39,1983,0.00896721849868552
39,1984,0.05449309555820031
39,1985,0.03186924542247859
39,1986,0.019875301925044376
39,1987,0.02772676891184327
39,1988,0.03347620542079221
39,1989,0.02524220925460777
39,1990,0.010153928091466828
39,1991,-0.01297082435535551
39,1992,0.0010536382055542472
39,1993,0.02023316716371335
39,1994,0.03454274590159625
39,1995,0.02889209753769281
39,1996,0.02215583224175039
39,1997,0.027851811046638884
39,1998,0.027388970270459997
39,1999,0.021617845374765417
39,2000,0.020095165079252398
39,2001,-0.004413322998260956
39,2002,-0.01482729568512826
39,2003,-0.0032062120256244183
39,2004,0.011599024202056144
39,2005,0.01819382241744373
39,2006,0.01722837577655708
39,2007,0.009208154999065942
39,2008,-0.008454595637141743
39,2009,-0.05042364630772701
39,2010,-0.007674518606111803
39,2011,0.016467911221924907
39,2012,0.01906056172387864
39,2013,0.01767349428486934
39,2014,0.02000593786618952
39,2015,0.022886051480351218
39,2016,0.017548674260438796
39,2017,0.016020394906607213
39,2018,0.017169819580332146
39,2019,0.012392425659272403
39,2020,-0.04139312454713501
39,2021,0.02680108165029038
39,2022,0.0355702503861518
39,2023,0.01835570128850737
39,2024,0.010138885986876671
39,2025,0.005043020149492583
40,1978,0.05898571968791229
40,1979,0.043169185157863874
40,1980,0.011793874495444391
40,1981,0.01396622113561764
40,1982,-0.015928825216103313
40,1983,0.0018772753713842134
40,1984,0.051300000296378066
40,1985,0.03426655460333377
40,1986,0.017571809876740112
40,1987,0.02698889762682066
40,1988,0.03477007367664585
40,1989,0.026281492526706203
40,1990,0.013073545255679964
40,1991,-0.009947809806344802
40,1992,0.000946395660096806
40,1993,0.02125279128774416
40,1994,0.03413567733620286
40,1995,0.02846228504123671
40,1996,0.02321902358994496
40,1997,0.028857503392272717
40,1998,0.028217817215623442
40,1999,0.023359083091874525
40,2000,0.020617268935297042
40,2001,-0.00022272306424192675
40,2002,-0.012652984366315258
40,2003,-0.0021020524340890777
40,2004,0.01282807711385244
40,2005,0.019787332876495017
40,2006,0.020494912198226894
40,2007,0.011583908335654496
40,2008,-0.005493465616345102
40,2009,-0.048082189806811435
40,2010,-0.008004196079877046
40,2011,0.017173268483989566
40,2012,0.01978135760774684
40,2013,0.017512700852369036
40,2014,0.021294099352175307
40,2015,0.01696581457136321
40,2016,0.010193833297333641
40,2017,0.015699618862951344
40,2018,0.019105374281705945
40,2019,0.01357172407316192
40,2020,-0.04906053112316489
40,2021,0.024626749773878423
40,2022,0.037619196113795814
40,2023,0.01988820519450792
40,2024,0.010453849369299956
40,2025,0.00567840582362962
41,1978,0.05022626522335062
41,1979,0.04089883814442078
41,1980,0.005962170171926147
41,1981,0.012348275951527094
41,1982,-0.01482385395504067
41,1983,0.010858060713907085
41,1984,0.05408242812021942
41,1985,0.03575075167741541
41,1986,0.023427981935039643
41,1987,0.029855089623538954
41,1988,0.03479726238165613
41,1989,0.027400899282302667
41,1990,0.01121659569424929
41,1991,-0.01060689249639658
41,1992,0.0020761156400562458
41,1993,0.022173228581151484
41,1994,0.035088050896940094
41,1995,0.029756993347106422
41,1996,0.023316315558118816
41,1997,0.029922391047156376
41,1998,0.028696270589541724
41,1999,0.02522326446371566
41,2000,0.02063677964113548
41,2001,-0.0024176647559426947
41,2002,-0.015174161997955338
41,2003,-0.003899938377895577
41,2004,0.01250067327204022
41,2005,0.019220883677099416
41,2006,0.019048390794560225
41,2007,0.009304998128321874
41,2008,-0.01058770723604967
41,2009,-0.05298845253451565
41,2010,-0.00875344977401989
41,2011,0.016319405023464042
41,2012,0.019672484486321463
41,2013,0.017664688354006808
41,2014,0.02086933401595011
41,2015,0.022128075798136387
41,2016,0.01797802271601102
41,2017,0.0149795362934217
41,2018,0.016945111556233617
41,2019,0.013018034898926601
41,2020,-0.04443199758560245
41,2021,0.027877676430843157
41,2022,0.036687768473727664
41,2023,0.01930397096841321
41,2024,0.0101964805390236
41,2025,0.005599969721906581
42,1978,0.05506902565495835
42,1979,0.03990249469558774
42,1980,0.0038909887826304814
42,1981,0.012642887739865627
42,1982,-0.017515332024328898
42,1983,0.009845571849840551
42,1984,0.05304712231798617
42,1985,0.032425546665721804
42,1986,0.021547155222211376
42,1987,0.028806152476789665
42,1988,0.03420654761238472
42,1989,0.02576088629605951
42,1990,0.012719602619828527
42,1991,-0.011209889845001264
42,1992,0.0023196843076681334
42,1993,0.021853009561676746
42,1994,0.03579740971764956
42,1995,0.029504559491156445
42,1996,0.02199848995315272
42,1997,0.028437726916689828
42,1998,0.028301355291620048
42,1999,0.023544470669792053
42,2000,0.019533978845312428
42,2001,-0.002521497953944701
42,2002,-0.013679500063955224
42,2003,-0.0012146280768176956
42,2004,0.01206211174272789
42,2005,0.019025196700723723
42,2006,0.01891793001114534
42,2007,0.010350992270243164
42,2008,-0.007447632573024557
42,2009,-0.047728971677976365
42,2010,-0.007691691316733813
42,2011,0.01579684549264895
42,2012,0.018362249090668036
42,2013,0.01771212866706459
42,2014,0.02089479660886172
42,2015,0.02245602986417027
42,2016,0.018650927331792126
42,2017,0.016802776234614323
42,2018,0.016974223712477025
42,2019,0.013828987821997062
42,2020,-0.04176819363642665
42,2021,0.028694002075051805
42,2022,0.0364995650341105
42,2023,0.019363163499687933
42,2024,0.011222027987116412
42,2025,0.006569524437006901
44,1978,0.05149058064194171
44,1979,0.03782018105809912
44,1980,0.0031473660373971717
44,1981,0.01119960114660616
44,1982,-0.02260199932170907
44,1983,0.008510262833527273
44,1984,0.05385482530703279
44,1985,0.031059181811137294
44,1986,0.02024638639273848
44,1987,0.027120115855783604
44,1988,0.03404082458585516
44,1989,0.026320410130652505
44,1990,0.009167585047018567
44,1991,-0.01189456283686737
44,1992,0.002870571932346312
44,1993,0.02112429190401145
44,1994,0.034687960500254446
44,1995,0.029785699100416167
44,1996,0.022423380970098754
44,1997,0.027818610996103405
44,1998,0.027412249696007817
44,1999,0.02259474458273595
44,2000,0.019268662302653627
44,2001,-0.00040174264869866414
44,2002,-0.012206306486429766
44,2003,-0.0026641339849472786
44,2004,0.011935113036754102
44,2005,0.01841615093087418
44,2006,0.018273358885939815
44,2007,0.009923172364547938
44,2008,-0.007870587995190274
44,2009,-0.0475634052263049
44,2010,-0.0059130808550872565
44,2011,0.016326303279499476
44,2012,0.019446266163071404
44,2013,0.017281318814554508
44,2014,0.02022644391729956
44,2015,0.022664316735523087
44,2016,0.018872802268268842
44,2017,0.015915907150278054
44,2018,0.016278220804358774
44,2019,0.013400051379302617
44,2020,-0.04386137737211717
44,2021,0.027705150736405674
44,2022,0.03582459050006262
44,2023,0.01961909004133153
44,2024,0.010542198272803423
44,2025,0.006148272679241348
45,1978,0.0446503715624802
45,1979,0.03651060439701079
45,1980,0.005566112934819261
45,1981,0.009540714758869456
45,1982,-0.01846785415165433
45,1983,0.011648625972080362
45,1984,0.05216947193858839
45,1985,0.03298571869454651
45,1986,0.02045534531307123
45,1987,0.027014528247353297
45,1988,0.03159019056011798
45,1989,0.023509633489996757
45,1990,0.009012603805801527
45,1991,-0.013453623967760415
45,1992,0.0013306992229483554
45,1993,0.019288522379915865
45,1994,0.031107248228871082
45,1995,0.02537281653489589
45,1996,0.02055976995494517
45,1997,0.025997538412356844
45,1998,0.025492703533230222
45,1999,0.021189841965420418
45,2000,0.018215061358664197
45,2001,-0.0032490557435315842
45,2002,-0.013485099106934963
45,2003,-0.00454175988585228
45,2004,0.010356510734766967
45,2005,0.01667035076818076
45,2006,0.01674044010941377
45,2007,0.008073609301381774
45,2008,-0.010726762745922694
45,2009,-0.0538003213303085
45,2010,-0.009826634793068514
45,2011,0.01504124644417195
45,2012,0.01783450218700026
45,2013,0.016814475970725547
45,2014,0.019672662727544695
45,2015,0.022396734048290318
45,2016,0.018198729093768556
45,2017,0.016056683780559088
45,2018,0.016776338310046626
45,2019,0.012775289147732054
45,2020,-0.042434891164237036
45,2021,0.02710981690118007
45,2022,0.03613896559794782
45,2023,0.017613553727186714
45,2024,0.010668008048358798
45,2025,0.004551000753215572
46,1978,0.05512536444018501
46,1979,0.04210039918579379
46,1980,0.013602346982500433
46,1981,0.015118154080411363
46,1982,-0.006491446069456635
46,1983,0.014366034180070276
46,1984,0.05218079385986501
46,1985,0.03852968320315002
46,1986,0.026963195928088986
46,1987,0.030847686657756092
46,1988,0.03626945871814607
46,1989,0.029683499335623614
46,1990,0.015187968472550812
46,1991,-0.005043536155961996
46,1992,0.004435685539214268
46,1993,0.022278134346062156
46,1994,0.035088490947402726
46,1995,0.029450238385154856
46,1996,0.022921717773690384
46,1997,0.028062131909789324
46,1998,0.027077276517683664
46,1999,0.02560066209606183
46,2000,0.019984595359450037
46,2001,0.0023549885249235358
46,2002,-0.008233657731436233
46,2003,-0.000553072821287427
46,2004,0.01258093986345016
46,2005,0.019145224302271557
46,2006,0.018501347351876668
46,2007,0.010226270210185481
46,2008,-0.008584143105822752
46,2009,-0.049429425467729854
46,2010,-0.008786893044063266
46,2011,0.01499075974641356
46,2012,0.018952336426201973
46,2013,0.017107308679493675
46,2014,0.0205743962959473
46,2015,0.02264592391774029
46,2016,0.019000069992135802
46,2017,0.015854782102708593
46,2018,0.016529057648403265
46,2019,0.013191272624767755
46,2020,-0.0421315213004969
46,2021,0.026282741763193045
46,2022,0.035964014459381355
46,2023,0.019127203104619177
46,2024,0.010144956935348599
46,2025,0.004955558890748256
47,1978,0.06738026626207821
47,1979,0.03630258979696807
47,1980,0.004747371892985608
47,1981,0.010329179886187884
47,1982,-0.018407948931822852
47,1983,0.00876374525129134
47,1984,0.051461470220503736
47,1985,0.030703678397419235
47,1986,0.020018554665228807
47,1987,0.026975547637613034
47,1988,0.0327181412657523
47,1989,0.024273560499155872
47,1990,0.00906910768301804
47,1991,-0.013228008828507075
47,1992,-8.679742479511532e-05
47,1993,0.0187917975241923
47,1994,0.031708357938913335
47,1995,0.028615164801159214
47,1996,0.021575941170904556
47,1997,0.027982510033599535
47,1998,0.02666688409414657
47,1999,0.023393142348197626
47,2000,0.019566256975344226
47,2001,-0.0025725261325946873
47,2002,-0.015316867683142334
47,2003,-0.004483584263058569
47,2004,0.011226094275643578
47,2005,0.01838277766276313
47,2006,0.017533218172361725
47,2007,0.008664869403704138
47,2008,-0.009836333393836022
47,2009,-0.05098517545137276
47,2010,-0.009311027780758693
47,2011,0.016017191468861682
47,2012,0.01897802393913359
47,2013,0.017697084541753182
47,2014,0.021084934657182607
47,2015,0.022537879424036726
47,2016,0.01852925907895501
47,2017,0.015858366331809644
47,2018,0.01713849524051143
47,2019,0.013043755156725874
47,2020,-0.0428005566711171
47,2021,0.028850188935758553
47,2022,0.0377110043917358
47,2023,0.017852955717795004
47,2024,0.010342988289357459
47,2025,0.004526797994618046
48,1978,0.05326495203493149
48,1979,0.04203073909985495
48,1980,0.008542753738623992
48,1981,0.011091681356646546
48,1982,-0.0221658018571783
48,1983,0.005200708057114569
48,1984,0.05291484966664849
48,1985,0.037186140533807505
48,1986,0.020612764437842497
48,1987,0.026151991805679755
48,1988,0.03624520847528786
48,1989,0.028891079579660084
48,1990,0.011674566565609182
48,1991,-0.014153314284498404
48,1992,-0.0004911977244918338
48,1993,0.021000544235923367
48,1994,0.03496453014030804
48,1995,0.02882542504825846
48,1996,0.023257731577005978
48,1997,0.028460485963757796
48,1998,0.027273194360273773
48,1999,0.02453021031383845
48,2000,0.022250812566227275
48,2001,-0.0002907893411508702
48,2002,-0.013383021836999198
48,2003,-0.0037814813038910024
48,2004,0.01385380719331416
48,2005,0.01838622482553251
48,2006,0.020502735146046534
48,2007,0.010671917101507965
48,2008,-0.010292313021004822
48,2009,-0.05521123721756274
48,2010,-0.010884497113000227
48,2011,0.017212319758494056
48,2012,0.01653697231346466
48,2013,0.016900699745404646
48,2014,0.021018402494333118
48,2015,0.021010897910277992
48,2016,0.013776612603891228
48,2017,0.016934839853610623
48,2018,0.01722954988413855
48,2019,0.012911035441854802
48,2020,-0.04582111097120826
48,2021,0.02761077983015201
48,2022,0.03644222599804025
48,2023,0.017792216039321112
48,2024,0.008509799256333083
48,2025,0.0034464517760548208
49,1978,0.05266350420063816
49,1979,0.040239271385946594
49,1980,0.011275740166688631
49,1981,0.014479116596629572
49,1982,-0.013718125239798236
49,1983,0.009653044208587638
49,1984,0.0530289598209588
49,1985,0.03631834923782758
49,1986,0.02483077971214171
49,1987,0.029721323590175815
49,1988,0.03518907815282328
49,1989,0.02808733766610821
49,1990,0.01345847971598727
49,1991,-0.009457799536122396
49,1992,0.0027327533007330783
49,1993,0.02170661993839516
49,1994,0.03425090456059208
49,1995,0.029516877292634906
49,1996,0.023544403023015026
49,1997,0.028959752537278522
49,1998,0.028498412601291285
49,1999,0.025817245130686325
49,2000,0.021058635406809224
49,2001,-0.00019629879957978056
49,2002,-0.012903470341979861
49,2003,-0.0027099346765681906
49,2004,0.013190184336700831
49,2005,0.01967488098753066
49,2006,0.021083466654699047
49,2007,0.010588830263691658
49,2008,-0.008462386840095185
49,2009,-0.05276281097465108
49,2010,-0.008979516790967075
49,2011,0.016596930830249174
49,2012,0.020498963726718212
49,2013,0.017712198836130087
49,2014,0.021088747406513883
49,2015,0.021221517754988924
49,2016,0.01569635222264342
49,2017,0.01588771061654446
49,2018,0.01785544058763755
49,2019,0.013813882402701167
49,2020,-0.044172299556083185
49,2021,0.027070409621093864
49,2022,0.036958264901360546
49,2023,0.018765316085936058
49,2024,0.010857814719073116
49,2025,0.005342068004961124
50,1978,0.0621964267144084
50,1979,0.0406673854051525
50,1980,0.007388070707424373
50,1981,0.012825109893977569
50,1982,-0.018035024255453242
50,1983,0.011811060440933696
50,1984,0.056063137937469386
50,1985,0.03607865187711987
50,1986,0.023687156429696397
50,1987,0.029655266882062874
50,1988,0.035586609963915584
50,1989,0.028204599465673826
50,1990,0.010535006144591186
50,1991,-0.011899775456532338
50,1992,0.0024232382695147277
50,1993,0.021796415319030236
50,1994,0.03546001430179275
50,1995,0.02941182799462953
50,1996,0.02353475022501667
50,1997,0.028246970164405267
50,1998,0.028140804335619517
50,1999,0.0250712484421329
50,2000,0.020718008198838265
50,2001,-0.0006706887615194046
50,2002,-0.012456066109401483
50,2003,-0.0030826250371351997
50,2004,0.013415598003237862
50,2005,0.019920940662792416
50,2006,0.019806274896793753
50,2007,0.011234349904129779
50,2008,-0.00710628515615267
50,2009,-0.049338827830314666
50,2010,-0.008145398388589385
50,2011,0.0156935314886151
50,2012,0.018946952194221853
50,2013,0.017637669044880636
50,2014,0.0204228913187675
50,2015,0.02311036489995524
50,2016,0.019670901877777203
50,2017,0.01616022957031003
50,2018,0.016367644857076667
50,2019,0.01312656426785753
50,2020,-0.04556837062544305
50,2021,0.026571525285949096
50,2022,0.035368096670032774
50,2023,0.021061427508030115
50,2024,0.012742064462364665
50,2025,0.00695880464298457
51,1978,0.05411019929583668
51,1979,0.03761092207859812
51,1980,0.008772492482194022
51,1981,0.010649551085470162
51,1982,-0.0143139057372837
51,1983,0.010893769312588054
51,1984,0.05082498267333254
51,1985,0.03591702161399629
51,1986,0.023974980317251544
51,1987,0.028562281036541955
51,1988,0.03333409811509709
51,1989,0.02748669532292405
51,1990,0.013611819998905638
51,1991,-0.010350585016570856
51,1992,0.0027283320231375778
51,1993,0.022824305448545197
51,1994,0.035042594297256535
51,1995,0.028832442838270283
51,1996,0.024944835886177415
51,1997,0.029218187566251243
51,1998,0.028853013364067447
51,1999,0.027742003573527248
51,2000,0.022175843243687328
51,2001,0.0004532748077062656
51,2002,-0.011660785152256905
51,2003,-0.0010212219025502595
51,2004,0.013984818557255075
51,2005,0.019173187429814467
51,2006,0.020313361975919608
51,2007,0.010926189576844146
51,2008,-0.00874131103948494
51,2009,-0.04803097884392115
51,2010,-0.006979327355598148
51,2011,0.014216682024583215
51,2012,0.01885648551806845
51,2013,0.01738330131275238
51,2014,0.02060723406263055
51,2015,0.024311852903243718
51,2016,0.020670978841733894
51,2017,0.015941049344557413
51,2018,0.01652742161072742
51,2019,0.012610098537419834
51,2020,-0.04169347019628082
51,2021,0.028446267433997738
51,2022,0.03666041359967337
51,2023,0.018084979571713726
51,2024,0.01174016040912327
51,2025,0.006709648337559725
53,1978,0.04673470180225475
53,1979,0.03966137416749986
53,1980,0.0055672185430591225
53,1981,0.011758639656173586
53,1982,-0.016744442207015275
53,1983,0.011762561588339038
53,1984,0.05440432851127261
53,1985,0.0361556045827698
53,1986,0.024715757235886034
53,1987,0.03004453907144245
53,1988,0.033737700624872406
53,1989,0.02667236543502681
53,1990,0.010518288520553552
53,1991,-0.012701979617656177
53,1992,0.001506571823597585
53,1993,0.022386105710615573
53,1994,0.03673661966479905
53,1995,0.02875191998754048
53,1996,0.023425268272858433
53,1997,0.029012923139491588
53,1998,0.028934925442405734
53,1999,0.02584845918711197
53,2000,0.02240205781839089
53,2001,0.0006722571865345945
53,2002,-0.012958366114061898
53,2003,-0.0026720889791430353
53,2004,0.01198589963832148
53,2005,0.018817188564152022
53,2006,0.019051507351901996
53,2007,0.010027618905205754
53,2008,-0.010044632357061862
53,2009,-0.05490261997063483
53,2010,-0.008602605878383672
53,2011,0.0161596987840599
53,2012,0.019181077024153722
53,2013,0.018153592499535517
53,2014,0.021597546938870803
53,2015,0.02296393869543345
53,2016,0.01829616590499033
53,2017,0.015608953659083968
53,2018,0.016826002743163558
53,2019,0.012210550902577598
53,2020,-0.043536549169361775
53,2021,0.02906082127126501
53,2022,0.03827549418493048
53,2023,0.018802435371055633
53,2024,0.009685065676027544
53,2025,0.0041815215436913165
54,1978,0.044149678994425144
54,1979,0.046461564219968575
54,1980,0.01276296955899842
54,1981,0.02075431216331432
54,1982,-0.01458712211979709
54,1983,-0.0015109389736128389
54,1984,0.04957750659047228
54,1985,0.03126550249661053
54,1986,0.014166292347030075
54,1987,0.023868150173770853
54,1988,0.03349539154884831
54,1989,0.02484495589193973
54,1990,0.012228657783814923
54,1991,-0.0119100605887245
54,1992,-0.0008431065795919903
54,1993,0.01949921675279549
54,1994,0.03227352713013666
54,1995,0.02626740464328567
54,1996,0.021641036078940513
54,1997,0.028363014981245473
54,1998,0.026282321850549167
54,1999,0.02221718579907874
54,2000,0.02027705941471774
54,2001,0.0013819647081048832
54,2002,-0.010036591768653893
54,2003,-0.0012513672311704012
54,2004,0.013570362794422293
54,2005,0.02030943863195429
54,2006,0.02204700694274306
54,2007,0.013029156218430678
54,2008,-0.0026042563768033248
54,2009,-0.04624610286965739
54,2010,-0.004642574803545976
54,2011,0.019500359255306216
54,2012,0.021618188977684572
54,2013,0.01737992806075852
54,2014,0.021195911527855965
54,2015,0.01930329738349926
54,2016,0.013654095098007014
54,2017,0.015780785484964626
54,2018,0.01823688211677782
54,2019,0.012542282588467688
54,2020,-0.04499696535865003
54,2021,0.024491424906917338
54,2022,0.036027587225486817
54,2023,0.020094385407859485
54,2024,0.011899634885943547
54,2025,0.0056630779151986225
55,1978,0.05302618117980537
55,1979,0.037421558600515686
55,1980,0.003743132234720464
55,1981,0.011190801793357904
55,1982,-0.019860871209186455
55,1983,0.010257989369046148
55,1984,0.05372128988287975
55,1985,0.03355096372062578
55,1986,0.021795021461932285
55,1987,0.027629836766014458
55,1988,0.03313104028898102
55,1989,0.026100283447814267
55,1990,0.010273510336829895
55,1991,-0.010840444038184426
55,1992,0.0004842413387591653
55,1993,0.01963211640469553
55,1994,0.03372103098224757
55,1995,0.02759528087148511
55,1996,0.021162082469928248
55,1997,0.027664891114716456
55,1998,0.02678286117121498
55,1999,0.02245422420035588
55,2000,0.01812005485496628
55,2001,-0.005683560274090514
55,2002,-0.0185137180313201
55,2003,-0.006265239616949303
55,2004,0.010849484003782498
55,2005,0.01751574618969979
55,2006,0.01695802687246533
55,2007,0.008173431356159774
55,2008,-0.010180332670455835
55,2009,-0.05266962703719859
55,2010,-0.008858883725138534
55,2011,0.015976764722683168
55,2012,0.019120798849165777
55,2013,0.016920846742142642
55,2014,0.01942753436955421
55,2015,0.022438215633050394
55,2016,0.01757842242296139
55,2017,0.01503117918041928
55,2018,0.01731838700925688
55,2019,0.01304999768083518
55,2020,-0.04390221258178393
55,2021,0.027231543464254146
55,2022,0.03823809081540461
55,2023,0.018431750212622503
55,2024,0.009532514656081006
55,2025,0.005052769074453501
56,1978,0.05439159644175099
56,1979,0.04957233440627586
56,1980,0.018438083358981606
56,1981,0.023129649548277124
56,1982,-0.008821459476606132
56,1983,0.0008109073325252682
56,1984,0.05177313000290237
56,1985,0.03607983437552911
56,1986,0.007919599625331413
56,1987,0.023225403378901964
56,1988,0.03398024814451945
56,1989,0.026387933561118553
56,1990,0.017516442037553294
56,1991,-0.00805646339848112
56,1992,-0.0013533135642883924
56,1993,0.02049064554545541
56,1994,0.03272452585633862
56,1995,0.026285105582940133
56,1996,0.023386578284726227
56,1997,0.02879322774156286
56,1998,0.024800101343542585
56,1999,0.019787408503474834
56,2000,0.02138751952739706
56,2001,0.0060304274694897506
56,2002,-0.007603599330049459
56,2003,0.000580580875707724
56,2004,0.01585466794225763
56,2005,0.024124324361183017
56,2006,0.026828987888421137
56,2007,0.01721061034508202
56,2008,0.000583059099115547
56,2009,-0.05263456861134972
56,2010,-0.004584075784342798
56,2011,0.02426722719866132
56,2012,0.026090031768571564
56,2013,0.018111950794724215
56,2014,0.02229703619384939
56,2015,0.00920195105790793
56,2016,0.0002380024816652175
56,2017,0.016518164421593453
56,2018,0.021671044923759344
56,2019,0.011838703806780091
56,2020,-0.05218227767655347
56,2021,0.020784140220379388
56,2022,0.037928161564564196
56,2023,0.02199960629194446
56,2024,0.010661527336253094
56,2025,0.0050695497136097195
