OCC2010,abstract,routine,manual,rti
10,4.306666666666667,1.9300000000000002,2.0675,-1.5396764791641664
20,3.82,2.15,2.16,-1.3448908021749864
30,4.144444444444445,2.0033333333333334,2.098333333333333,-1.4747479201677731
40,3.44,1.85,1.945,-1.285547809365483
50,3.805,1.765,1.875,-1.3955803950024044
60,3.3466666666666662,2.0,1.925,-1.1697436127752756
100,3.74,2.5066666666666664,2.551666666666667,-1.3314877935466498
110,3.796666666666667,2.58,2.285,-1.2127001142036231
120,3.8555555555555556,2.3400000000000003,1.765,-1.0619974472541192
135,3.736666666666667,2.355,1.625,-0.9471610367292786
136,3.863333333333333,2.14,1.795,-1.1757295615900327
137,4.07,1.89,1.605,-1.2401899269649317
140,3.646111111111111,3.1991666666666667,2.4341666666666666,-1.02046236331091
150,3.786666666666666,2.46,1.63,-0.9199047894992952
160,3.743333333333333,2.4000000000000004,2.3525,-1.284767524148236
205,3.6533333333333338,2.635,3.41,-1.5534691021538598
220,3.5933333333333333,2.8,3.175,-1.4047684919762382
230,3.716666666666667,1.856666666666667,1.8183333333333331,-1.2953017717934878
300,3.995,2.3425000000000002,2.35,-1.3874807392146362
310,3.34,2.495,2.385,-1.160881202125431
325,3.70030303030303,2.3595454545454544,2.364090909090909,-1.3013871092987328
330,3.4433333333333334,2.6100000000000003,2.22,-1.0745969690130237
340,3.51,2.97,2.145,-0.9301936370431464
350,4.010000000000001,2.54,2.02,-1.159724671701146
360,3.8122222222222217,2.1616666666666666,2.111666666666667,-1.3109734178919366
400,3.5666666666666664,3.16,2.05,-0.8388992183512468
410,3.3366666666666664,2.025,1.925,-1.1543285718402645
420,3.6033333333333335,2.305,2.3600000000000003,-1.305440285571914
425,3.76,1.915,2.685,-1.6623820627300216
430,3.867222222222222,2.1508333333333334,2.3241666666666667,-1.394444800746477
500,3.186666666666667,1.93,1.44,-0.8660985490663153
510,3.4066666666666667,2.715,1.925,-0.8818683104612974
520,3.0866666666666664,2.595,2.015,-0.8741244387707728
530,3.683333333333333,2.615,1.87,-0.9684924726452612
540,3.47,2.8525,3.1225,-1.3265119799563023
565,3.6123809523809527,2.483571428571429,2.406428571428571,-1.2248461151770929
600,3.96,2.21,1.23,-0.7902656791210537
630,2.931111111111111,2.5450000000000004,2.268333333333333,-0.93989689781188
640,3.59,2.43,2.095,-1.1298144985218317
650,3.926666666666667,1.805,1.875,-1.405838957192861
700,3.883333333333333,2.546666666666667,2.0766666666666667,-1.1496699859181347
710,4.306666666666667,1.925,1.645,-1.3029786261639338
725,3.7466666666666666,2.255,2.5250000000000004,-1.4339576455701168
726,4.026666666666666,2.025,2.035,-1.397865022174615
735,4.476666666666667,2.0125,1.5325,-1.2244037518615278
740,3.7166666666666663,1.9324999999999999,1.7525,-1.1955552093865482
800,3.7266666666666666,2.465,1.62,-0.8957485208084828
810,3.838333333333333,2.2300000000000004,2.3825,-1.4108726490571808
820,3.4599999999999995,2.81,2.495,-1.1223728349274604
830,3.6833333333333336,2.575,1.4500000000000002,-0.7295321616124361
840,3.858333333333333,2.215,1.715,-1.0655998845281542
850,4.1000000000000005,2.08,1.31,-0.9486462172100958
860,3.6166666666666663,2.35,2.12,-1.1825535518462127
900,3.543333333333333,1.96,1.42,-0.9427803020564904
910,3.52,2.545,2.3925,-1.1967830692736
930,3.466666666666667,2.7150000000000003,2.04,-0.9573513719494434
940,3.466666666666667,2.62,1.845,-0.8924984771987022
950,4.048333333333333,2.3125,1.845,-1.1403079697785026
1005,3.890579710144927,2.415217391304348,2.188043478260869,-1.2513154620939393
1006,3.890579710144927,2.415217391304348,2.188043478260869,-1.2513154620939393
1007,3.890579710144927,2.415217391304348,2.188043478260869,-1.2513154620939393
1010,3.890579710144927,2.415217391304348,2.188043478260869,-1.2513154620939393
1030,3.890579710144927,2.415217391304348,2.188043478260869,-1.2513154620939393
1050,3.890579710144927,2.415217391304348,2.188043478260869,-1.2513154620939393
1060,3.890579710144927,2.415217391304348,2.188043478260869,-1.2513154620939393
1105,3.890579710144927,2.415217391304348,2.188043478260869,-1.2513154620939393
1106,3.890579710144927,2.415217391304348,2.188043478260869,-1.2513154620939393
1107,3.890579710144927,2.415217391304348,2.188043478260869,-1.2513154620939393
1200,4.086666666666667,2.165,1.4300000000000002,-0.9929837246573184
1210,4.4,1.7000000000000002,1.375,-1.269430020980579
1220,4.336666666666667,1.715,1.56,-1.3723787444998463
1230,4.338333333333333,1.9849999999999999,1.705,-1.3143830745063736
1240,4.31,2.12,1.6749999999999998,-1.2253349807087648
1300,3.831666666666667,1.915,2.265,-1.5163523736030695
1310,3.851111111111111,2.4883333333333333,3.25,-1.6158631998809505
1320,4.283333333333333,1.825,1.94,-1.515839508713901
1330,4.23,2.4,2.6,-1.522244700731723
1340,4.216666666666667,2.085,2.37,-1.5671660264016944
1350,3.883333333333333,1.89,1.7799999999999998,-1.2967304265760426
1360,3.762222222222222,2.025,1.9916666666666665,-1.3060287646413953
1400,4.156666666666667,2.215,1.98,-1.3125579122331803
1410,3.947777777777778,2.4633333333333334,2.3349999999999995,-1.332140634223991
1420,3.95,2.11,2.2,-1.4154849917893255
1430,3.85,2.2533333333333334,2.16,-1.3075443829838285
1440,3.7466666666666666,2.525,2.89,-1.4558819951944528
1450,4.126666666666666,2.025,2.165,-1.484320639484291
1460,4.022222222222222,2.186666666666667,2.3983333333333334,-1.478036775670941
1500,3.973333333333333,2.58,2.165,-1.204236335490021
1510,4.046666666666667,2.23,1.955,-1.2662821049285444
1520,4.1433333333333335,2.2,1.815,-1.229128724207054
1530,3.888333333333333,2.17125,2.25375,-1.3909460942578074
1540,3.387777777777778,2.4600000000000004,2.35,-1.171210476533459
1550,3.517222222222222,2.7404166666666665,3.184583333333333,-1.4053592535638617
1560,3.266666666666667,2.825,3.105,-1.2782754477954543
1600,4.19,2.373333333333333,2.6083333333333334,-1.530270142810025
1610,4.264285714285714,2.4935714285714283,2.62,-1.4924851889264077
1640,3.8791666666666655,2.0975,2.9825,-1.704681337571036
1650,4.288333333333334,2.5075,2.3175,-1.3574431451785096
1660,4.1570833333333335,2.37375,2.670625,-1.5357386494722556
1700,4.221666666666667,1.69,1.5925,-1.384678050276671
1710,4.266666666666667,2.05,1.7000000000000002,-1.2636213401693157
1720,3.945,2.3625,2.1,-1.2660270183830744
1740,4.133333333333334,1.903333333333333,2.0308333333333333,-1.4693022659826136
1760,4.32,2.5,2.565,-1.4889231490045969
1800,4.404999999999999,1.62,1.4325,-1.3530315825714587
1815,4.316666666666666,2.0,1.695,-1.2970190597499052
1820,4.062666666666667,1.805,1.842,-1.4004431072457089
1830,4.596666666666667,1.605,1.5499999999999998,-1.4904625774862768
1840,4.266666666666667,1.3199999999999998,1.48,-1.565243233435206
1860,4.200666666666667,1.759,1.677,-1.369302806317461
1900,3.291111111111111,3.248333333333333,3.4800000000000004,-1.2526339494215193
1910,3.64,2.64,2.6950000000000003,-1.3126029688513852
1920,3.306666666666666,3.285,3.23,-1.1790561179266628
1930,3.268333333333333,2.5925,2.9375,-1.3121949139266786
1940,3.3233333333333333,2.83,3.0125,-1.261608282913262
1950,3.876666666666667,2.58,1.4449999999999998,-0.7752956004933328
1965,3.4655555555555555,2.7883333333333336,2.915,-1.29188910327999
2000,3.6986666666666665,2.0780000000000003,1.7770000000000004,-1.1500453571356275
2010,3.598888888888889,1.9833333333333332,1.9933333333333332,-1.2830645123743472
2015,3.3966666666666665,2.68,2.8600000000000003,-1.2877993888755197
2016,3.29,2.435,2.015,-1.0015600036413734
2040,3.1266666666666665,1.935,1.6,-0.9498637771140142
2050,3.543333333333333,1.285,1.835,-1.621353666845097
2060,3.335,1.61,1.7175,-1.2856087219795556
2100,4.006666666666667,1.955,1.525,-1.1395638570609976
2105,3.87,2.25,1.815,-1.1384097585421755
2110,3.7066666666666666,2.1166666666666667,1.8166666666666664,-1.1570377786794457
2145,3.26,2.485,2.135,-1.0299211825106125
2160,3.513333333333333,2.75,2.14,-1.0057701718003869
2200,4.210144927536232,1.7982608695652176,1.86695652173913,-1.4684901767119636
2300,3.148333333333333,1.685,2.06,-1.3424566315243325
2310,3.8077777777777775,1.9833333333333332,1.9433333333333331,-1.3163830043036613
2320,3.893333333333333,2.0425,2.325,-1.4892469037030909
2330,3.588666666666667,1.764,1.9330000000000005,-1.3593513068829464
2340,3.418333333333333,1.9025,2.08375,-1.3006832834867794
2400,3.6466666666666665,2.168333333333333,2.5283333333333333,-1.4446943946501258
2430,3.6966666666666663,2.0,2.105,-1.3585997992685654
2440,2.8266666666666667,2.7750000000000004,2.295,-0.8491802574498125
2540,3.3611111111111107,1.7716666666666665,1.961666666666667,-1.3111141929181234
2600,3.5125,2.3,2.87375,-1.480915800057869
2630,3.4323809523809525,2.192142857142857,2.6207142857142856,-1.416782653651261
2700,2.83,1.905,1.685,-0.9175602668808072
2710,3.5233333333333334,2.48375,2.41125,-1.2297416307433027
2720,3.2277777777777774,2.14,2.381666666666667,-1.2237238787097322
2740,2.8550000000000004,2.37,1.7375,-0.7363606694918754
2750,3.2916666666666665,2.4275,2.56,-1.24352605513602
2760,3.241666666666666,2.32125,2.255833333333334,-1.1222893229365838
2800,3.7466666666666666,3.03,2.345,-1.0645893381743998
2810,3.9766666666666666,2.37,2.4,-1.393022729648575
2825,3.983333333333333,1.725,1.5699999999999998,-1.2879675585863035
2830,3.713333333333333,2.55,2.245,-1.1845421078549112
2840,3.863333333333333,2.875,2.5,-1.211768426308392
2850,3.3316666666666666,2.2525,2.065,-1.1113487780922653
2860,2.876666666666667,2.9325,2.38,-0.7367469916505404
2900,3.538888888888889,2.7716666666666665,3.2133333333333334,-1.417805915601989
2910,3.4233333333333333,2.25,2.98,-1.5116078195733411
2920,3.618333333333333,2.38,2.7875,-1.4371953889775917
2960,3.546111111111112,2.5541666666666667,3.0325,-1.4399027240557487
3000,3.583333333333333,2.695,2.92,-1.3564788778247925
3010,3.751666666666667,2.72625,3.1925,-1.4773632905537335
3030,3.8,1.8,1.39,-1.0765181489728215
3040,4.086666666666667,2.6500000000000004,2.89,-1.4944265039661655
3050,3.306666666666666,3.01,2.29,-0.9225523714340356
3060,3.716363636363636,2.5931818181818183,2.798636363636364,-1.372023721364162
3110,3.758333333333333,2.615,2.68,-1.3547786213249076
3120,3.58,2.2350000000000003,3.165,-1.623274627943216
3140,3.8366666666666656,1.82,2.655,-1.7222120876708795
3150,3.7300000000000004,1.6800000000000002,2.6325000000000003,-1.7686577467625506
3160,3.723333333333333,2.45,2.695,-1.4099295042173243
3200,3.536666666666666,4.24,3.765,-1.1443692559657723
3210,3.4599999999999995,1.935,2.68,-1.5669780571106526
3220,3.44,2.795,3.245,-1.384754714934298
3230,3.983333333333333,2.045,1.99,-1.354855838951046
3235,3.803333333333333,2.18,2.1100000000000003,-1.3032409458928522
3245,3.8866666666666667,1.9718333333333333,2.593166666666667,-1.645366296634369
3250,3.486666666666667,2.405,2.825,-1.409904631009347
3255,3.936,2.462,2.431,-1.3486703233959658
3256,3.9666666666666655,3.0,3.2300000000000004,-1.4517959600158294
3257,3.84,2.09,2.585,-1.5580338085833083
3258,3.9866666666666655,2.33,2.475,-1.44332758829742
3260,3.8065000000000007,2.3305,2.6385000000000005,-1.4726832255596558
3300,3.147777777777778,3.4650000000000003,3.0066666666666664,-0.995050348870735
3310,3.2764,2.9994000000000005,2.9338,-1.1660960671398692
3320,3.3672222222222223,3.359166666666667,3.1825,-1.1524497516025398
3400,3.2764,2.9994000000000005,2.9338,-1.1660960671398692
3420,3.151666666666667,2.606666666666667,2.864166666666667,-1.2442147892824142
3500,3.3366666666666664,2.835,2.65,-1.1374900074774348
3510,3.2764,2.9994000000000005,2.9338,-1.1660960671398692
3520,3.803333333333333,2.9,2.665,-1.251371195831254
3535,3.354,2.5330000000000004,2.742,-1.2826502273307818
3540,3.555,2.21625,2.3937500000000003,-1.303724645457108
3600,3.1293333333333333,2.69,2.861,-1.1991777226545193
3610,3.6966666666666654,2.4825,2.47,-1.3088382404253462
3620,3.3400000000000003,2.1175,2.745,-1.464458279419351
3630,3.013333333333333,2.155,2.345,-1.1875415640785068
3640,3.236666666666667,2.975,3.25,-1.2629549509791769
3645,3.653333333333333,2.545,2.675,-1.3454587231972432
3646,2.7099999999999995,3.21,2.73,-0.8349793069465533
3647,3.0400000000000005,2.87,3.05,-1.172687076265921
3648,3.31,2.56,3.055,-1.373720523521059
3649,3.3233333333333337,3.365,3.295,-1.1799465001634168
3700,3.4933333333333336,2.37,2.735,-1.3940978709516911
3710,3.71,2.325,3.715,-1.7796905157497465
3720,3.626666666666667,2.375,3.835,-1.767485950092302
3730,3.1533333333333338,2.425,3.0,-1.3612408586743403
3740,3.28,2.625,4.065,-1.6251762693522394
3750,3.415,2.4775,3.445,-1.5581640504027292
3800,3.215,2.48,3.0825,-1.3959999518132964
3820,3.8044444444444445,2.441666666666667,2.8716666666666666,-1.4704375063829402
3830,3.56,1.95,3.965,-1.979437027375095
3840,3.3666666666666667,3.1950000000000003,4.525,-1.561953624501495
3850,3.6416666666666666,2.7350000000000003,3.6025,-1.568477566999782
3860,3.5733333333333337,2.53,3.64,-1.6372632458837668
3900,3.6366666666666663,2.345,4.075,-1.8436528559714531
3910,3.6633333333333336,2.42,3.0650000000000004,-1.534653508967
3930,3.695,3.405,3.125,-1.2213261616205393
3940,2.44,1.61,2.89,-1.4770203624330795
3945,2.74,3.29,2.945,-0.8971791727262481
4000,3.1666666666666665,2.875,3.52,-1.3550878252990772
4010,3.28,2.7,2.79,-1.2206332452190432
4020,2.49,2.314,2.832,-1.0894745068047338
4030,2.083333333333333,2.72,2.865,-0.7859056449389975
4040,2.806666666666666,2.125,2.795,-1.3060578438168078
4050,2.306666666666666,2.6900000000000004,2.6625,-0.8080628639299947
4060,2.306666666666666,2.6900000000000004,2.6625,-0.8080628639299947
4110,2.5733333333333333,2.145,2.545,-1.1161931729910808
4120,2.78,3.11,2.915,-0.9576980213138584
4130,2.64,1.955,3.17,-1.454120311610085
4140,2.1633333333333336,2.285,2.965,-1.0321612501514097
4150,2.313333333333333,1.97,2.38,-1.0277564307840894
4160,2.3722222222222222,2.07,2.8383333333333334,-1.1713459975151947
4200,3.44,2.935,2.9000000000000004,-1.2234747550976757
4210,3.3766666666666665,2.81,4.2,-1.6187890715361506
4230,2.393333333333333,2.27,2.785,-1.0771551362779592
4240,3.0,2.645,4.165,-1.5526574989766533
4250,2.75,2.78,4.073333333333333,-1.392693927627774
4300,2.563333333333333,3.395,2.145,-0.4821442862187638
4320,3.2433333333333336,2.405,2.4,-1.174520441325979
4340,3.3633333333333333,1.815,2.85,-1.6641660722611529
4350,3.0,2.115,2.93,-1.4245598991988442
4400,2.173333333333333,3.0875,2.8075,-0.6836527709125229
4410,1.94,2.655,2.305,-0.5213239948299465
4420,2.21,2.395,2.1,-0.6615466293961602
4430,2.7422222222222223,2.3,2.8966666666666665,-1.21035572441403
4465,3.303333333333333,2.245,3.3,-1.580149006952004
4500,2.8633333333333333,2.26,3.205,-1.4013337244164932
4510,3.4,2.55,3.6,-1.5686159179138452
4520,2.735,2.11125,3.02625,-1.3662917759011963
4530,3.06,2.1625,2.8775,-1.3802258284923652
4540,3.0616666666666665,2.21,2.445,-1.2162489190067785
4600,2.8533333333333335,1.8475,2.4925,-1.3240760307382664
4610,3.2060000000000004,2.0699999999999994,2.382,-1.2914675746554356
4620,3.5716666666666668,2.2625,2.42,-1.336828869739564
4640,3.18,2.13,2.085,-1.1355280723215164
4650,3.2060000000000004,2.0699999999999994,2.382,-1.2914675746554356
4700,2.95,2.405,2.565,-1.1462137454167367
4710,3.4800000000000004,2.735,2.675,-1.2248502382604085
4720,2.4533333333333336,2.9125,2.5325,-0.759450799040583
4740,3.0700000000000003,2.565,3.27,-1.3645090678855352
4750,3.303333333333333,2.685,2.845,-1.2528143992912528
4760,2.94,2.335,2.4850000000000003,-1.140670349778322
4800,3.4233333333333333,1.975,2.26,-1.3654111502034665
4810,3.1366666666666667,2.395,1.95,-0.9376068066419554
4820,3.606666666666667,2.205,1.91,-1.1391597179099548
4830,3.276666666666667,2.17,2.595,-1.3656859945564492
4840,3.360833333333334,2.18625,2.17875,-1.2019659173279564
4850,3.031111111111111,2.2116666666666664,2.4466666666666668,-1.1797599189572785
4900,2.6066666666666665,2.0125,2.1075,-0.931799220301283
4920,3.6066666666666665,2.115,2.445,-1.4175618083393402
4930,3.64,2.02,1.69,-1.113614699170518
4940,3.606666666666667,3.055,2.45,-1.0620924166833028
4950,2.4433333333333334,1.54,2.28,-1.285756253771262
4965,2.4433333333333334,1.54,2.28,-1.285756253771262
5000,3.6566666666666654,2.085,2.165,-1.3342034918227177
5010,2.0966666666666667,2.33,2.045,-0.6098783039613953
5020,2.9233333333333333,3.275,2.42,-0.7701741887973618
5030,2.51,2.8025,2.2325,-0.6900262463793785
5100,2.65,2.695,1.585,-0.4437458429664143
5110,2.856666666666667,2.995,2.29,-0.7812630299403144
5120,2.77,2.9650000000000003,2.115,-0.6810251002477997
5130,2.6966666666666668,3.59,2.7950000000000004,-0.7416963465091658
5140,3.0666666666666664,2.9450000000000003,2.205,-0.831209887182144
5150,3.02,2.875,1.66,-0.5560217595059166
5160,3.273333333333333,3.29,2.9400000000000004,-1.0733308502715746
5165,2.904761904761905,3.0507142857142853,2.2271428571428573,-0.7297561166604757
5200,2.7099999999999995,3.11,2.13,-0.6184478884218002
5210,2.9133333333333336,3.22,1.955,-0.5703067348803466
5220,2.93,2.835,2.165,-0.8053808473037136
5230,3.14,2.83,1.755,-0.6664149451828447
5240,3.4066666666666663,2.925,2.92,-1.2240234317038192
5250,3.44,2.76,2.27,-1.0400206231495597
5260,3.68,2.945,2.425,-1.1086354594667365
5300,2.9599999999999995,2.665,2.5,-1.021275942592316
5310,3.6466666666666665,3.28,2.485,-1.016242745478265
5320,2.873333333333333,2.595,2.285,-0.928252303735808
5330,3.583333333333333,2.91,1.945,-0.8734023617925709
5340,2.45,2.765,2.35,-0.733462717738405
5350,3.43,2.54,1.86,-0.9209726678725132
5360,3.2466666666666666,2.745,1.935,-0.8279550805065852
5400,2.5666666666666664,2.605,2.49,-0.8974580754628144
5410,3.2433333333333336,3.77,2.595,-0.8031131226877366
5420,3.13,2.90125,2.243125,-0.8751073844093373
5500,3.4916666666666667,2.7824999999999998,2.8875,-1.2850419157163455
5510,2.33,2.46,3.81,-1.2833361067719475
5520,3.353333333333333,3.29,3.06,-1.130573555872934
5530,2.7133333333333334,3.51,4.300000000000001,-1.201176876568082
5540,2.98,2.865,3.04,-1.1512124657687404
5550,1.7766666666666666,2.695,4.195,-1.0172340850678523
5560,2.41,3.795,3.375,-0.7623376609794636
5600,3.28,3.435,2.38,-0.8209269844051229
5610,2.936666666666667,3.725,3.26,-0.9439354948270716
5620,2.91969696969697,3.148181818181818,3.295909090909092,-1.0919446015969854
5630,3.263333333333333,3.985,3.535,-1.062925154980667
5700,3.188333333333333,2.77,2.31,-0.9729586105796352
5800,2.862916666666667,3.064375,2.4487500000000004,-0.8175151404192484
5810,3.2,3.33,2.255,-0.77332847876797
5820,2.6933333333333334,3.0700000000000003,2.095,-0.6086555756398893
5830,3.556666666666666,2.355,2.53,-1.3405023519166002
5840,2.8766666666666665,3.0500000000000003,2.02,-0.6445881372210199
5850,2.52,3.83,3.465,-0.8241067309726436
5860,2.6166666666666667,2.835,2.435,-0.8098060624810451
5900,2.7433333333333336,3.2,2.42,-0.729790456383783
5910,2.6966666666666668,2.845,2.37,-0.8093433299710364
5920,3.773333333333333,2.275,1.47,-0.8912411324946583
5940,3.773333333333333,2.275,1.47,-0.8912411324946583
6005,2.986666666666667,2.765,3.675,-1.3786704360092312
6010,3.14,3.355,3.5,-1.186533997991885
6020,2.28,1.785,2.6500000000000004,-1.219316667732878
6040,2.5033333333333334,3.035,3.46,-1.048680341666105
6050,2.821111111111112,2.553333333333333,3.701666666666666,-1.4145990140033102
6100,2.926666666666667,2.25,3.985,-1.6454712150047657
6110,2.926666666666667,2.25,3.985,-1.6454712150047657
6120,3.0,2.3600000000000003,3.77,-1.5670256710905104
6130,2.4933333333333336,3.4250000000000003,4.351666666666667,-1.1402904486097516
6200,3.133333333333333,2.6725,3.6174999999999997,-1.4430348875490981
6210,2.6566666666666667,2.51,3.565,-1.3279535048565807
6220,3.08,2.5625,4.23,-1.6285523497545102
6230,3.3433333333333333,2.77,3.86,-1.538788176583227
6240,2.9483333333333337,2.31125,3.9787500000000007,-1.6511918416619302
6250,2.7666666666666666,3.39,4.199999999999999,-1.2370817146115232
6260,3.6033333333333335,2.915,4.119999999999999,-1.6278426865419864
6300,2.7133333333333334,3.38,4.095000000000001,-1.190068899156445
6310,2.966666666666667,3.205,4.58,-1.4444258958234446
6320,3.3766666666666665,3.1900000000000004,4.630000000000001,-1.589424980893872
6330,2.206666666666667,2.385,3.785,-1.262526131882526
6355,3.633333333333333,2.8,4.455,-1.754558144308603
6360,3.03,2.74,4.165,-1.5273209747401049
6400,2.8016666666666667,2.1925,3.955,-1.6240087693734018
6420,3.1566666666666667,2.65,4.09,-1.583501948586457
6430,2.283333333333333,2.235,4.125,-1.4384611553271365
6440,3.057777777777778,2.5116666666666667,3.7916666666666665,-1.5189203854704063
6460,3.01,2.685,4.165,-1.5409756264187626
6500,2.686666666666667,2.975,3.78,-1.2277812384843307
6515,3.0,2.725,3.85,-1.4442170088525954
6520,2.9633333333333334,3.405,4.380000000000001,-1.3381185456445828
6530,2.623333333333333,2.665,4.325,-1.4486538565272369
6540,3.103333333333333,2.855,4.315,-1.5455022840482835
6600,3.061111111111112,2.7374999999999994,4.110833333333333,-1.5149703373298946
6660,3.6116666666666672,2.1525,2.9775,-1.6095235889276913
6700,2.83,3.09,4.25,-1.3590246036818177
6710,2.48,2.9000000000000004,3.91,-1.207085197181737
6720,3.013333333333333,2.975,3.48,-1.2598351405247652
6730,3.1966666666666668,3.43,4.26,-1.3788174993306677
6740,3.4333333333333336,3.47,4.404999999999999,-1.4721172719968554
6750,2.9066666666666663,2.92,4.335,-1.4621449432050933
6765,3.2383333333333333,2.665,3.73,-1.5113279427437507
6800,2.936666666666667,3.931666666666666,4.113333333333333,-1.1166635590694134
6820,3.0716666666666663,3.19,4.55,-1.484692416334723
6830,3.293333333333333,3.34,4.22,-1.425764544150978
6840,2.6088888888888886,3.6233333333333335,4.578333333333333,-1.195141951670838
6910,2.9227777777777777,3.4737500000000003,4.3566666666666665,-1.2961358699599568
6920,2.9600000000000004,3.06,4.61,-1.495002209380237
6930,3.703333333333333,3.52,4.57,-1.5702855302795369
7000,3.5933333333333333,2.755,3.89,-1.6240719918382185
7010,2.8433333333333333,2.78,3.835,-1.366695579952152
7020,3.541666666666667,2.355,4.237500000000001,-1.8531270681677243
7030,3.353333333333333,2.235,3.585,-1.6824721219895349
7040,3.356666666666667,3.095,4.135,-1.5006478404014565
7050,3.2366666666666664,2.725,4.16,-1.5975906397930886
7110,3.6166666666666663,2.8200000000000003,4.23,-1.691017899426523
7120,3.4,2.185,3.305,-1.6375960763782116
7130,3.3000000000000003,2.095,3.68,-1.7572816672791731
7140,3.556666666666666,2.85,4.404999999999999,-1.7042450417531358
7150,3.123333333333333,2.565,4.44,-1.6875967054036218
7160,2.4,2.305,3.695,-1.3473686153054532
7200,3.27,2.615,4.699999999999999,-1.7710883961082882
7210,3.26,2.78,4.505,-1.6644641587363715
7220,3.241111111111111,2.796666666666667,4.445,-1.638317057085282
7240,3.19,2.353333333333333,4.396666666666667,-1.7894570729928507
7260,2.936666666666667,2.2266666666666666,3.965,-1.6866005855132429
7300,3.036666666666667,2.5975,4.1975,-1.591895820949361
7315,3.276666666666667,2.805,4.065,-1.55783684951608
7320,2.94,2.435,4.35,-1.6586386699166298
7340,3.5400000000000005,3.16,4.285,-1.5686752515966058
7350,3.14,3.47,3.82,-1.240318628579878
7360,3.3866666666666667,3.5,4.25,-1.4140021679231836
7410,2.6533333333333333,2.78,4.484999999999999,-1.4541042789963954
7420,3.3166666666666664,2.975,4.395,-1.5891837546419387
7430,2.9250000000000003,2.18125,3.4087500000000004,-1.522622687703848
7440,3.353333333333333,3.445,4.5600000000000005,-1.4903535950641562
7510,2.353333333333333,3.025,3.58,-1.0242844717668451
7520,2.986666666666667,2.875,4.04,-1.4343499560424744
7540,3.54,2.405,4.135,-1.806064152063613
7550,3.43,2.645,4.5,-1.76396659264386
7560,2.93,3.625,3.74,-1.1062337461487783
7600,2.4533333333333336,2.57,3.905,-1.3157995284571964
7610,2.676666666666667,2.74,3.825,-1.318172786169081
7700,3.45,3.585,2.9850000000000003,-1.0552155038362503
7710,3.273333333333333,3.02,3.83,-1.4234168055040413
7720,2.7533333333333334,2.931666666666666,3.296666666666667,-1.129826100870378
7730,2.7,2.835,3.9,-1.312186388966169
7740,3.013333333333333,2.85,3.765,-1.381475752707273
7750,2.7266666666666666,2.835,3.4250000000000003,-1.1921393964810192
7800,2.543333333333333,3.175,2.905,-0.8446013145874756
7810,2.7,3.598333333333333,3.498333333333333,-0.9573625870519732
7830,3.1466666666666665,3.705,3.645,-1.1300167982018707
7840,3.14,4.19,3.71,-1.0225539426054595
7850,2.9766666666666666,3.26,3.5200000000000005,-1.1675379004516877
7855,3.0877777777777777,3.718333333333333,3.625,-1.1067028804196726
7900,2.916875,3.664375,3.7246875,-1.0849136359372364
7920,2.74,4.109999999999999,3.255,-0.7747271675523681
7930,3.013333333333333,3.81,3.98,-1.1466995158937123
7940,2.9599999999999995,3.91,4.1,-1.1326388680489563
7950,2.566666666666667,4.42,3.68,-0.7593810962827615
7960,3.44,3.64,3.615,-1.2285796453473856
8000,2.5666666666666664,3.88,3.695,-0.8937534409565114
8010,3.4933333333333336,3.0,3.905,-1.514501884848326
8020,3.0933333333333337,3.585,3.79,-1.1848568031727509
8030,2.833333333333333,4.11,3.825,-0.969589313598517
8040,2.783333333333333,3.415,3.7675,-1.1419620401322004
8060,2.955,3.4275,3.645,-1.144303711367467
8100,2.4233333333333333,3.52,3.69,-0.9296542830238642
8120,3.64,3.4400000000000004,3.545,-1.322050370247433
8130,3.2133333333333334,3.055,3.4799999999999995,-1.297561521117169
8140,2.8183333333333334,3.1025,3.74,-1.216658885336663
8150,2.56,4.074999999999999,4.16,-0.9606515860718172
8160,3.333333333333333,2.7350000000000003,3.84,-1.543313735051627
8200,3.016666666666667,3.46,4.03,-1.256650255932684
8210,2.716666666666667,3.455,3.64,-1.0515668630136776
8220,2.9066666666666667,3.43125,3.9175,-1.2030456100174516
8250,3.3766666666666665,3.075,2.645,-1.0662551936442637
8255,3.22,3.825,4.31,-1.288760796393474
8256,3.11,3.585,3.525,-1.1177446884037912
8300,2.01,3.595,3.015,-0.522190561077123
8310,2.4,3.515,3.26,-0.8001564074698877
8320,2.31,2.82,3.505,-1.0547011600702332
8330,2.973333333333333,2.605,3.76,-1.456669940120281
8340,2.8666666666666667,3.73,3.89,-1.095150838565983
8350,2.64,3.4575,2.9850000000000003,-0.8074694312352559
8360,2.9633333333333334,3.9,3.52,-0.9837991973321084
8400,2.7099999999999995,3.685,3.48,-0.9397104030366924
8410,2.8466666666666662,3.84,3.405,-0.9259212921342088
8420,2.4766666666666666,3.765,3.54,-0.8452924359553844
8430,3.033333333333333,3.46,3.97,-1.2471596304841608
8440,3.5766666666666667,2.45,2.75,-1.3899441550963414
8450,2.813333333333333,2.255,3.75,-1.5429758869674337
8460,3.1411111111111105,2.7216666666666662,3.49,-1.393359890849312
8500,3.216666666666667,2.49,3.555,-1.5244179794613726
8510,3.043333333333333,2.075,3.535,-1.645705551604642
8520,3.5216666666666665,3.2225,3.6375,-1.3809324449444302
8530,2.2433333333333336,3.53,3.855,-0.8960359910586143
8540,2.3433333333333333,3.425,3.55,-0.8874205489275996
8550,2.981666666666667,2.994166666666667,3.628333333333333,-1.2859074934901815
8600,3.3086666666666664,3.248,3.269,-1.1976185392696457
8610,3.44,3.525,3.61,-1.2592988074658646
8620,3.43,3.25,3.775,-1.3823056475371904
8630,3.016666666666667,3.8625,3.4925,-0.9973454842511748
8640,3.045,3.5825,3.5675,-1.111514041707843
8650,3.071111111111111,3.7083333333333335,4.123333333333334,-1.2069201374904523
8710,2.6633333333333336,3.2775000000000003,3.6975,-1.11318203716844
8720,3.01,4.0,3.37,-0.930558462005164
8730,2.893333333333333,3.46,4.005,-1.2086842314548385
8740,2.936666666666667,3.38,3.26,-1.0411266371636674
8750,2.8916666666666666,2.685,3.1225,-1.2085138986322268
8760,3.2322222222222217,3.2883333333333327,3.293333333333333,-1.1751566415085608
8800,3.1300000000000003,4.285,3.94,-1.0570931758121611
8810,2.69,2.7225,3.375,-1.2016256630972206
8830,2.8366666666666664,2.51,2.5,-1.0386376326476356
8840,2.9966666666666666,3.64,3.295,-0.9979230461212404
8850,2.5,3.825,4.315,-1.036829589131047
8860,2.733333333333333,3.34,3.785,-1.1305969455029008
8900,2.81,3.805,3.52,-0.9553294816420108
8910,3.3000000000000003,3.02,3.555,-1.3570207003408603
8920,2.9783333333333335,3.185,3.79875,-1.2593448353756345
8930,2.83,3.770000000000001,3.505,-0.9673922306817802
8940,3.01,3.71,4.145,-1.2128109907286986
8950,2.6,3.54,3.86,-1.042051901358493
8965,2.881515151515152,3.431818181818181,3.807272727272727,-1.158128289171666
9000,3.403333333333333,3.1625,3.1075,-1.195507856675955
9030,3.755,3.255,4.4325,-1.6363359926028973
9040,3.421666666666667,3.3825,3.38,-1.2072405404675208
9050,2.806666666666666,3.115,2.35,-0.7501837155027765
9110,3.376666666666667,2.725,4.07,-1.6180636009317786
9120,2.7528571428571427,2.9292857142857143,4.391428571428572,-1.414634305482656
9130,2.65,3.16,4.471666666666667,-1.3189294803995966
9140,2.7528571428571427,2.9292857142857143,4.391428571428572,-1.414634305482656
9150,2.7528571428571427,2.9292857142857143,4.391428571428572,-1.414634305482656
9200,3.18,2.9275,4.45,-1.5797129148112217
9230,2.773333333333333,3.1950000000000003,4.09,-1.2670078483902196
9240,2.5066666666666664,3.2750000000000004,2.9450000000000003,-0.8127447973099735
9300,3.233333333333333,3.225,4.109999999999999,-1.4160036751016347
9310,2.93,3.1125,4.265,-1.3866195242028097
9330,3.473333333333333,3.205,4.18,-1.5107139038211428
9340,2.07,2.895,3.075,-0.7878683975108005
9350,2.36,2.7,3.745,-1.1858314629964182
9360,2.9766666666666666,2.415,4.29,-1.6653915520556877
9410,3.19,2.8716666666666666,3.2883333333333336,-1.2672582467887503
9415,1.95,1.895,2.66,-1.0069366568348737
9500,2.893333333333333,3.79,4.0600000000000005,-1.1312261945234554
9510,3.02,3.365,4.255,-1.3399236303154247
9520,2.766666666666667,2.38,3.945,-1.522991692748897
9560,2.92,3.845,4.505,-1.229997904382884
9600,3.0966666666666662,3.305,4.62,-1.4652844959476352
9610,2.796666666666667,2.535,3.95,-1.471950173680889
9620,2.5599999999999996,3.275,3.865,-1.1124719014215256
9630,2.08,3.645000000000001,3.345,-0.6464782218327968
9640,3.023333333333333,3.455,3.285,-1.055904170175876
9650,3.404444444444444,3.315,3.966666666666667,-1.4058304574264764
9720,1.5133333333333334,3.095,4.24,-0.7290900864924539
9730,3.526666666666667,4.005,4.23,-1.3150115502999078
9740,3.526666666666667,4.005,4.23,-1.3150115502999078
9750,3.526666666666667,4.005,4.23,-1.3150115502999078
9800,,,,
9810,,,,
9820,,,,
