onet_soc,abstract,routine,manual,rti
11-1011.00,4.283333333333334,2.3600000000000003,2.42,-1.4798374438041955
11-1011.03,4.33,1.5,1.7149999999999999,-1.5995155145241373
11-1021.00,3.8200000000000003,2.15,2.16,-1.3448908021749864
11-2011.00,3.44,1.85,1.9449999999999998,-1.285547809365483
11-2021.00,3.8066666666666666,1.9,2.045,-1.410297818882125
11-2022.00,3.8033333333333332,1.6300000000000001,1.705,-1.3808629711226839
11-2033.00,3.3466666666666662,2.0,1.925,-1.1697436127752756
11-3012.00,3.41,2.42,2.4000000000000004,-1.2184134884807305
11-3013.00,3.9499999999999997,2.6799999999999997,2.9,-1.4526095213826935
11-3013.01,3.86,2.42,2.355,-1.3234403707765254
11-3021.00,3.796666666666667,2.58,2.285,-1.2127001142036233
11-3031.00,3.4299999999999997,2.72,2.175,-1.00895704541059
11-3031.01,4.066666666666666,2.4000000000000004,1.5,-0.9328200338253654
11-3031.03,4.07,1.9,1.62,-1.2442152625264018
11-3051.00,3.4766666666666666,3.1900000000000004,2.75,-1.097653975226298
11-3051.01,4.13,2.525,1.92,-1.1443615302853085
11-3051.02,3.563333333333333,3.13,2.3449999999999998,-0.9819488337150247
11-3051.03,3.6266666666666665,3.5549999999999997,2.36,-0.8786205085420014
11-3051.04,3.4566666666666666,3.83,2.66,-0.8757660531743792
11-3051.06,3.6233333333333335,2.965,2.5700000000000003,-1.1444232789224482
11-3061.00,3.7866666666666666,2.46,1.63,-0.9199047894992951
11-3071.00,3.58,2.45,2.75,-1.3908756875344532
11-3071.04,3.9066666666666667,2.35,1.955,-1.1786593607620184
11-3111.00,3.736666666666667,2.355,1.625,-0.9471610367292786
11-3121.00,3.8633333333333333,2.14,1.795,-1.1757295615900327
11-3131.00,4.07,1.8900000000000001,1.605,-1.2401899269649317
11-9013.00,3.6533333333333338,2.635,3.41,-1.5534691021538598
11-9021.00,3.5933333333333333,2.8,3.175,-1.4047684919762382
11-9031.00,3.1733333333333333,2.435,2.25,-1.0757660198169399
11-9032.00,3.953333333333333,1.455,1.7249999999999999,-1.5447802547613367
11-9033.00,4.023333333333333,1.6800000000000002,1.48,-1.2653590408021866
11-9041.00,3.8333333333333335,2.31,2.37,-1.3693771773144323
11-9041.01,4.156666666666666,2.375,2.33,-1.4055843011148401
11-9051.00,3.34,2.495,2.385,-1.1608812021254313
11-9071.00,3.4433333333333334,2.6100000000000003,2.22,-1.0745969690130235
11-9072.00,4.023333333333333,2.19,2.5149999999999997,-1.5304820061646236
11-9081.00,3.51,2.9699999999999998,2.145,-0.9301936370431464
11-9111.00,4.010000000000001,2.54,2.02,-1.159724671701146
11-9121.00,4.1866666666666665,2.085,2.66,-1.675462139914786
11-9121.01,3.233333333333333,2.705,1.795,-0.7634167064830246
11-9121.02,4.016666666666667,1.695,1.88,-1.4940414072779986
11-9131.00,3.5666666666666664,3.16,2.05,-0.8388992183512468
11-9141.00,3.3366666666666664,2.025,1.925,-1.1543285718402645
11-9151.00,3.6033333333333335,2.305,2.3600000000000003,-1.305440285571914
11-9161.00,3.76,1.915,2.685,-1.6623820627300216
11-9171.00,3.8233333333333337,2.5250000000000004,3.1950000000000003,-1.5764686675753445
11-9179.01,3.41,1.985,2.085,-1.2758622324070363
11-9179.02,3.6733333333333333,2.185,1.95,-1.1873130590847607
11-9199.01,4.12,2.1100000000000003,1.295,-0.9276759110249608
11-9199.02,3.8866666666666667,2.59,2.84,-1.4496980687159051
11-9199.08,3.6566666666666667,2.16,2.09,-1.2636078298996751
11-9199.09,3.86,2.4450000000000003,3.47,-1.700776654508672
11-9199.10,3.733333333333333,1.705,2.1149999999999998,-1.5327911913957002
11-9199.11,3.9466666666666668,1.895,2.135,-1.492119148933948
13-1011.00,3.186666666666667,1.93,1.44,-0.8660985490663153
13-1021.00,3.4066666666666667,2.715,1.9249999999999998,-0.8818683104612974
13-1022.00,3.0866666666666664,2.5949999999999998,2.015,-0.8741244387707728
13-1023.00,3.683333333333333,2.6149999999999998,1.87,-0.9684924726452613
13-1031.00,3.5666666666666664,3.17,2.605,-1.075332540115892
13-1032.00,3.373333333333333,2.535,3.64,-1.5776914197967127
13-1041.00,3.483333333333333,2.835,2.91,-1.2741008337463962
13-1041.01,3.4333333333333336,2.25,2.7,-1.415853163361435
13-1041.03,3.86,2.175,1.855,-1.1915232149954904
13-1041.04,3.356666666666667,2.45,2.685,-1.3025411214665537
13-1041.06,3.9333333333333336,2.2,3.35,-1.7899902282762143
13-1041.07,3.72,2.275,1.505,-0.9005365140829805
13-1041.08,3.5,3.2,1.8399999999999999,-0.6993777303105814
13-1051.00,3.9599999999999995,2.21,1.23,-0.7902656791210537
13-1071.00,3.3066666666666666,2.435,2.23,-1.107995461566146
13-1074.00,1.9733333333333334,3.5,2.98,-0.5188844922497496
13-1075.00,3.513333333333333,1.7,1.595,-1.192810739619744
13-1081.00,3.65,2.48,1.92,-1.0387937934571996
13-1081.01,3.986666666666667,2.4349999999999996,1.995,-1.18365275366165
13-1081.02,4.013333333333333,2.725,2.315,-1.226563410635555
13-1111.00,4.306666666666667,1.925,1.645,-1.3029786261639338
13-1121.00,3.7466666666666666,2.255,2.5250000000000004,-1.4339576455701168
13-1131.00,4.026666666666666,2.025,2.035,-1.397865022174615
13-1141.00,3.59,2.4299999999999997,2.0949999999999998,-1.1298144985218315
13-1151.00,3.926666666666667,1.8050000000000002,1.875,-1.4058389571928607
13-1161.00,4.54,2.045,1.435,-1.158694071770076
13-1161.01,4.413333333333334,1.98,1.63,-1.2901134319529797
13-1199.04,3.793333333333333,1.84,1.385,-1.0491797080484826
13-1199.05,3.9,1.7199999999999998,1.5,-1.2241173704184036
13-1199.06,3.2066666666666666,2.3,1.75,-0.8919386410098241
13-1199.07,3.966666666666667,1.87,2.375,-1.6169851180694832
13-2011.00,3.7266666666666666,2.465,1.62,-0.8957485208084828
13-2022.00,3.94,2.305,2.3049999999999997,-1.3711807233098423
13-2023.00,3.736666666666667,2.1550000000000002,2.46,-1.450564574804519
13-2031.00,3.4599999999999995,2.8099999999999996,2.495,-1.1223728349274604
13-2041.00,3.6833333333333336,2.5749999999999997,1.4500000000000002,-0.7295321616124361
13-2052.00,4.1000000000000005,2.08,1.31,-0.9486462172100958
13-2053.00,3.6166666666666667,2.3499999999999996,2.12,-1.1825535518462127
13-2061.00,3.543333333333333,1.96,1.42,-0.9427803020564904
13-2071.00,3.34,2.685,2.425,-1.1041216034172274
13-2072.00,3.6999999999999997,2.4050000000000002,2.3600000000000003,-1.2894445351299728
13-2081.00,3.466666666666667,2.7150000000000003,2.04,-0.9573513719494434
13-2082.00,3.466666666666667,2.62,1.845,-0.8924984771987022
13-2099.01,4.183333333333333,2.065,1.35,-1.0060827429470252
13-2099.04,3.9133333333333336,2.56,2.34,-1.2745331966099798
15-1211.00,3.8233333333333337,2.67,2.52,-1.2833030715843434
15-1211.01,4.423333333333333,2.415,1.91,-1.2522975146300088
15-1212.00,3.7933333333333334,2.29,2.215,-1.2999457259610256
15-1221.00,4.453333333333333,1.925,2.205,-1.6294544205994517
15-1231.00,3.516666666666667,2.73,2.315,-1.092621649595295
15-1232.00,3.6199999999999997,2.41,3.1950000000000003,-1.5684343661646143
15-1241.00,3.6166666666666667,2.475,2.275,-1.2012924477006188
15-1241.01,3.776666666666667,2.0949999999999998,2.31,-1.4265357575314068
15-1242.00,3.733333333333333,2.295,2.085,-1.2213375013711953
15-1243.00,4.013333333333333,2.4050000000000002,1.855,-1.129956943714239
15-1243.01,4.093333333333333,2.1950000000000003,1.63,-1.1117576023424227
15-1244.00,3.6,2.31,1.97,-1.1217198636782593
15-1251.00,4.126666666666666,2.1399999999999997,2.22,-1.4541713454387684
15-1252.00,4.046666666666667,2.2800000000000002,2.14,-1.3345238830306534
15-1253.00,3.81,2.6350000000000002,1.915,-1.0184636297778933
15-1254.00,3.75,2.605,2.21,-1.1573156803066507
15-1255.01,3.936666666666667,2.25,2.425,-1.445235649714279
15-1299.01,3.9800000000000004,2.45,2.225,-1.2849507103579145
15-1299.02,4.173333333333333,2.7800000000000002,2.685,-1.393944877262125
15-1299.03,3.5533333333333332,2.63,2.025,-1.006471984438418
15-1299.05,3.9466666666666668,2.25,1.79,-1.1441567444240848
15-1299.08,3.6166666666666667,2.625,2.4050000000000002,-1.1980217988324964
15-1299.09,4.08,2.69,1.8,-1.0043424597044417
15-2011.00,4.086666666666667,2.165,1.4300000000000002,-0.9929837246573185
15-2021.00,4.3999999999999995,1.7000000000000002,1.375,-1.2694300209805793
15-2031.00,4.336666666666667,1.715,1.56,-1.3723787444998465
15-2041.00,4.55,1.95,1.695,-1.3749806012196173
15-2041.01,4.126666666666666,2.02,1.7149999999999999,-1.2537855477931301
15-2051.01,4.3500000000000005,1.955,1.6150000000000002,-1.2791206083378839
15-2051.02,3.6,2.4749999999999996,1.86,-0.9952699371665208
15-2099.01,4.31,2.12,1.6749999999999998,-1.2253349807087648
17-1011.00,4.013333333333334,2.13,2.2800000000000002,-1.457675614457581
17-1012.00,3.65,1.7,2.25,-1.5750291327485586
17-1021.00,3.8166666666666664,2.255,3.065,-1.6462750377656719
17-1022.00,3.876666666666667,2.775,3.625,-1.6221792189707038
17-1022.01,3.86,2.435,3.06,-1.5791353429064756
17-2011.00,4.283333333333333,1.825,1.94,-1.515839508713901
17-2021.00,4.2299999999999995,2.4,2.6,-1.522244700731723
17-2031.00,4.216666666666667,2.085,2.37,-1.5671660264016944
17-2041.00,3.8833333333333333,1.8900000000000001,1.7799999999999998,-1.2967304265760426
17-2051.00,3.5866666666666664,2.165,1.855,-1.1226876006704738
17-2051.01,3.86,2.065,2.25,-1.436467173280072
17-2051.02,3.84,1.8450000000000002,1.87,-1.3589315199736403
17-2061.00,4.156666666666667,2.215,1.98,-1.3125579122331805
17-2071.00,4.06,3.0549999999999997,2.625,-1.2494842770336696
17-2072.00,3.9433333333333334,1.96,2.145,-1.4622214684597403
17-2072.01,3.84,2.375,2.235,-1.284716157178563
17-2081.00,3.9499999999999997,2.11,2.2,-1.4154849917893255
17-2111.00,3.8366666666666664,2.27,2.51,-1.4451068557160625
17-2111.02,3.83,1.755,1.885,-1.4143237671746998
17-2112.00,3.78,2.455,2.345,-1.283882650283255
17-2112.01,3.983333333333333,2.0250000000000004,2.1799999999999997,-1.4558741659519048
17-2112.02,3.8033333333333332,2.65,1.79,-0.9435338550604075
17-2112.03,3.8666666666666667,2.365,2.25,-1.3025450037166415
17-2121.00,3.7466666666666666,2.525,2.8899999999999997,-1.4558819951944528
17-2131.00,4.126666666666666,2.025,2.165,-1.484320639484291
17-2141.00,4.026666666666666,2.3899999999999997,2.0549999999999997,-1.2419213858433378
17-2141.01,4.04,2.0,2.31,-1.5403450359468156
17-2141.02,4.0,2.17,2.83,-1.6518439052226688
17-2151.00,3.973333333333333,2.58,2.165,-1.204236335490021
17-2161.00,4.046666666666667,2.23,1.955,-1.2662821049285444
17-2171.00,4.1433333333333335,2.2,1.815,-1.2291287242070539
17-2199.03,4.256666666666667,2.0,1.84,-1.3651047724372871
17-2199.05,3.6233333333333335,2.54,2.115,-1.1042851439328047
17-2199.06,3.7433333333333336,2.17,2.295,-1.3759821560423826
17-2199.07,4.023333333333333,1.9700000000000002,2.065,-1.4392074301044293
17-2199.08,4.116666666666666,2.565,2.56,-1.4130925542746147
17-2199.09,4.223333333333334,2.325,2.575,-1.542754200741318
17-2199.10,3.703333333333333,1.925,1.935,-1.3144146737254268
17-2199.11,3.4166666666666665,1.875,2.645,-1.5727278228041959
17-3011.00,3.436666666666667,2.435,2.42,-1.2283227929948008
17-3012.00,3.2433333333333336,2.51,2.11,-1.0030068018740868
17-3013.00,3.483333333333333,2.435,2.52,-1.2823018347314892
17-3021.00,3.3966666666666665,2.505,3.205,-1.469217914402329
17-3022.00,3.5533333333333332,2.25,2.7,-1.4502076868635434
17-3023.00,3.52,2.44,2.91,-1.4346160314882965
17-3024.00,3.3533333333333335,2.925,3.5,-1.3894233638150317
17-3024.01,3.5700000000000003,2.635,3.34,-1.5096532207868312
17-3025.00,3.1466666666666665,2.58,2.9749999999999996,-1.2887983315533664
17-3026.00,3.486666666666667,2.775,2.915,-1.298165242572725
17-3026.01,3.9133333333333336,2.7750000000000004,2.8,-1.373358195714601
17-3027.00,3.766666666666667,2.95,3.185,-1.4028375557225836
17-3027.01,3.5233333333333334,2.795,3.835,-1.5757448394261937
17-3029.01,3.766666666666667,3.2750000000000004,3.645,-1.4332289334235915
17-3029.08,3.2100000000000004,2.98,3.205,-1.239059726997245
17-3031.00,3.266666666666667,2.825,3.105,-1.2782754477954543
19-1011.00,4.3500000000000005,2.195,2.45,-1.580081823130094
19-1012.00,4.026666666666666,2.71,2.615,-1.357254366463836
19-1013.00,4.193333333333333,2.215,2.76,-1.6534742388361443
19-1021.00,4.733333333333333,2.8499999999999996,2.8,-1.5369300988397046
19-1022.00,4.010000000000001,2.865,2.84,-1.3800269433248897
19-1023.00,3.8666666666666667,2.51,3.355,-1.6425618267241617
19-1029.01,4.553333333333334,2.0300000000000002,2.0300000000000002,-1.5158595654745344
19-1029.02,4.196666666666666,2.56,2.5,-1.41057403277083
19-1029.03,4.226666666666667,2.185,2.2,-1.448255192157687
19-1029.04,4.263333333333333,2.455,2.615,-1.513188663193044
19-1031.00,4.006666666666667,2.1950000000000003,2.955,-1.6852762447698786
19-1031.02,3.9133333333333336,2.0949999999999998,3.38,-1.8427116818526672
19-1031.03,3.9133333333333327,1.975,2.73,-1.6881227365756237
19-1032.00,3.6833333333333336,2.125,2.865,-1.602614687085975
19-1041.00,4.546666666666667,1.8849999999999998,1.605,-1.3535902994292115
19-1042.00,4.03,3.13,3.0300000000000002,-1.3612959909278077
19-2011.00,4.273333333333333,1.8449999999999998,1.63,-1.3284949001505948
19-2012.00,4.17,1.535,1.5550000000000002,-1.4408612004027472
19-2021.00,4.266666666666667,2.05,1.7000000000000002,-1.2636213401693155
19-2031.00,3.763333333333333,2.8,2.31,-1.1329331968460048
19-2032.00,4.126666666666666,1.9249999999999998,1.8900000000000001,-1.399120839920144
19-2041.00,3.8000000000000003,2.035,2.025,-1.3300749483962844
19-2041.01,4.1,1.6099999999999999,1.38,-1.2568362938830038
19-2041.02,4.06,1.6600000000000001,2.225,-1.6941222868633927
19-2041.03,4.203333333333333,1.835,1.6949999999999998,-1.3565161206345984
19-2042.00,4.32,2.125,2.5300000000000002,-1.6377029026190677
19-2043.00,4.316666666666666,2.1550000000000002,2.33,-1.540561043499335
19-2099.01,4.32,2.5,2.565,-1.4889231490045967
19-3011.00,4.5,1.625,1.27,-1.2575864814650732
19-3011.01,4.31,1.615,1.595,-1.4484766836778442
19-3022.00,4.316666666666666,2.0,1.695,-1.2970190597499052
19-3032.00,4.286666666666666,1.77,1.325,-1.1659423429938114
19-3033.00,3.973333333333333,1.42,1.475,-1.417606491147708
19-3034.00,3.573333333333333,1.7149999999999999,1.685,-1.255851350160968
19-3039.02,4.176666666666667,2.02,2.31,-1.563663493360456
19-3039.03,4.303333333333334,2.1,2.415,-1.5991518585656004
19-3041.00,4.596666666666667,1.605,1.5499999999999998,-1.4904625774862768
19-3051.00,4.266666666666667,1.3199999999999998,1.48,-1.565243233435206
19-3091.00,4.366666666666667,1.895,1.9500000000000002,-1.5026104755802623
19-3092.00,4.260000000000001,1.875,1.815,-1.4167459685757193
19-3093.00,3.52,1.9300000000000002,2.0,-1.2940881672531566
19-3094.00,4.523333333333333,1.62,1.17,-1.18382678474404
19-3099.01,4.333333333333333,1.475,1.45,-1.4492426354341268
19-4012.00,3.0,3.0,4.29,-1.4562867329399256
19-4012.01,3.8533333333333335,2.715,3.325,-1.5516162952980406
19-4013.00,3.02,4.03,2.825,-0.749998820026591
19-4021.00,3.64,2.64,2.6950000000000003,-1.3126029688513852
19-4031.00,3.3066666666666666,3.285,3.23,-1.1790561179266628
19-4042.00,3.296666666666667,2.39,2.965,-1.4084955234727805
19-4043.00,3.24,2.795,2.91,-1.215894304380577
19-4051.00,3.11,3.12,3.315,-1.1952473480075774
19-4051.02,3.5366666666666666,2.54,2.71,-1.3279692178189464
19-4061.00,3.876666666666667,2.58,1.4449999999999998,-0.7752956004933328
19-4071.00,3.3733333333333335,2.95,4.065,-1.5365099478392554
19-4092.00,3.4566666666666666,2.345,3.0599999999999996,-1.5064342476393726
19-4099.01,3.2099999999999995,3.1899999999999995,2.985,-1.0998497671897367
19-4099.03,3.73,2.83,2.6999999999999997,-1.269383295010861
19-5011.00,3.9466666666666668,2.175,2.67,-1.5779211486592608
19-5012.00,3.76,2.63,2.76,-1.3726657909411883
21-1011.00,3.77,2.62,2.065,-1.0890309100999098
21-1012.00,3.7866666666666666,2.24,1.7650000000000001,-1.0931609491432073
21-1013.00,3.403333333333333,1.4849999999999999,1.24,-1.044451950870747
21-1014.00,4.016666666666667,1.6600000000000001,1.53,-1.3089025043044464
21-1015.00,3.516666666666667,2.3850000000000002,2.285,-1.2146804712598294
21-1021.00,3.5799999999999996,2.08,2.33,-1.3888631742769912
21-1022.00,3.42,1.7049999999999998,1.8699999999999999,-1.322013871205529
21-1023.00,3.796666666666667,2.165,1.78,-1.1383164916405217
21-1091.00,4.243333333333333,2.33,1.975,-1.2800492546766815
21-1092.00,3.3966666666666665,2.68,2.8600000000000003,-1.2877993888755195
21-1093.00,3.2899999999999996,2.435,2.0149999999999997,-1.0015600036413734
21-1094.00,4.023333333333333,2.11,2.795,-1.6732549055604178
21-2011.00,3.1266666666666665,1.935,1.6,-0.9498637771140142
21-2021.00,3.543333333333333,1.2850000000000001,1.835,-1.621353666845097
23-1011.00,4.006666666666667,1.955,1.525,-1.1395638570609976
23-1012.00,3.8699999999999997,2.25,1.815,-1.1384097585421755
23-1021.00,3.606666666666667,2.5949999999999998,2.315,-1.1686071556705713
23-1022.00,4.04,1.6,1.575,-1.3804963350049193
23-1023.00,3.473333333333333,2.1550000000000002,1.56,-0.9220098453628457
23-2011.00,3.2600000000000002,2.485,2.135,-1.0299211825106123
23-2093.00,3.513333333333333,2.75,2.14,-1.0057701718003869
25-1011.00,3.9000000000000004,1.83,1.56,-1.201346407543717
25-1021.00,4.176666666666667,1.68,1.6099999999999999,-1.3869538658210714
25-1022.00,3.72,1.765,1.8450000000000002,-1.3580522553922858
25-1031.00,4.033333333333334,1.81,2.0100000000000002,-1.499401040727836
25-1032.00,4.316666666666666,1.815,1.96,-1.5393425050030487
25-1041.00,4.043333333333333,1.785,2.3200000000000003,-1.6592182047344655
25-1042.00,4.413333333333334,1.645,1.98,-1.669986722329861
25-1043.00,4.6033333333333335,1.58,2.4699999999999998,-1.9735739823541012
25-1051.00,4.133333333333334,2.07,2.145,-1.4546751290455844
25-1052.00,4.006666666666667,2.085,1.665,-1.1630159086205942
25-1053.00,4.04,1.73,2.005,-1.5437673442219035
25-1054.00,4.383333333333334,1.74,1.8,-1.5117110216313452
25-1061.00,4.616666666666666,1.935,2.0,-1.5627127980434379
25-1062.00,4.010000000000001,1.385,1.44,-1.4277342152670855
25-1063.00,4.213333333333334,1.58,1.755,-1.5432981099295553
25-1064.00,4.5,1.685,1.81,-1.5756386782496836
25-1065.00,4.236666666666666,1.49,1.24,-1.2601120561928305
25-1066.00,4.253333333333333,2.0,1.585,-1.2151402160178326
25-1067.00,4.573333333333333,2.0949999999999998,1.5550000000000002,-1.222164325886726
25-1071.00,4.116666666666666,1.5899999999999999,1.8449999999999998,-1.5637890356662267
25-1072.00,4.153333333333333,2.265,2.315,-1.4457461532943974
25-1081.00,3.8766666666666665,2.27,2.2800000000000002,-1.3593712893355014
25-1082.00,4.513333333333333,1.53,1.7449999999999999,-1.6385227990660653
25-1111.00,4.0,2.035,1.545,-1.110822452575041
25-1112.00,4.233333333333333,1.435,1.505,-1.4906177537856906
25-1113.00,4.236666666666667,1.625,1.275,-1.2012151593619418
25-1121.00,3.9599999999999995,1.715,2.3899999999999997,-1.7081243105919048
25-1122.00,3.926666666666667,1.69,1.9100000000000001,-1.4901656026788874
25-1123.00,4.3133333333333335,1.83,1.645,-1.3551354177686505
25-1124.00,3.91,1.2349999999999999,1.645,-1.6502067881346694
25-1125.00,4.493333333333333,2.1,1.56,-1.2053432933481196
25-1126.00,4.076666666666667,1.81,1.4,-1.14842505237445
25-1192.00,3.4600000000000004,2.4450000000000003,1.91,-0.9943267082013361
25-1193.00,3.9033333333333338,1.92,1.505,-1.1182986011026652
25-1194.00,3.48,2.16,2.815,-1.5118863336819628
25-2011.00,2.6999999999999997,1.505,2.145,-1.3475984271894248
25-2012.00,3.5966666666666662,1.8650000000000002,1.975,-1.3373148358592397
25-2021.00,3.426666666666667,1.725,1.81,-1.2796877661533208
25-2022.00,4.126666666666666,2.115,1.9249999999999998,-1.3233411338298464
25-2023.00,3.8699999999999997,2.11,2.0949999999999998,-1.3461201129278162
25-2031.00,3.6799999999999997,1.69,1.95,-1.4460135958215128
25-2032.00,4.1066666666666665,2.395,2.7,-1.5324802115846687
25-2051.00,3.5033333333333334,1.7400000000000002,2.125,-1.4536015853706925
25-2056.00,3.6966666666666668,1.695,1.55,-1.2180037027929078
25-2057.00,3.24,2.0149999999999997,1.7349999999999999,-1.0259615478044144
25-2058.00,4.010000000000001,1.725,1.9449999999999998,-1.5088261679055646
25-2059.01,3.4933333333333336,1.645,2.31,-1.5903635305411534
25-3011.00,3.65,1.895,1.8699999999999999,-1.2814467599265056
25-3021.00,3.8066666666666666,2.085,2.355,-1.4585257877773707
25-3031.00,2.44,2.01,2.33,-1.0397315848117354
25-3041.00,3.776666666666666,1.62,1.78,-1.4230290014315061
25-4011.00,3.7900000000000005,2.4450000000000003,2.485,-1.3485935557160917
25-4012.00,4.003333333333333,1.815,2.235,-1.5952831077725005
25-4013.00,3.1466666666666665,2.245,2.865,-1.3902065204617848
25-4022.00,3.6966666666666668,2.0,2.105,-1.3585997992685654
25-4031.00,2.8266666666666667,2.7750000000000004,2.295,-0.8491802574498125
25-9021.00,3.74,1.685,2.74,-1.8052779680220945
25-9031.00,3.89,1.845,1.6400000000000001,-1.2406261219739716
25-9042.00,3.6566666666666667,2.15,2.38,-1.3981846311628412
25-9043.00,2.8633333333333333,1.38,1.595,-1.1967766843957488
25-9044.00,3.563333333333333,1.785,1.91,-1.33838126319578
27-1011.00,3.9566666666666666,2.785,2.59,-1.3028119222856658
27-1012.00,3.1133333333333333,2.13,3.11,-1.5141947100424507
27-1013.00,3.1566666666666667,1.9,2.9699999999999998,-1.596224685172091
27-1014.00,3.823333333333333,2.385,2.8249999999999997,-1.510431882731269
27-1021.00,3.4500000000000006,2.535,2.585,-1.2579061019605144
27-1022.00,3.6666666666666665,2.8,2.48,-1.1779221271259934
27-1023.00,2.6533333333333333,1.855,3.0100000000000002,-1.459872093889568
27-1024.00,3.716666666666667,2.475,2.665,-1.3867908708351724
27-1025.00,3.72,2.0,2.1799999999999997,-1.3999013645261074
27-1026.00,3.3266666666666667,1.99,2.7800000000000002,-1.5362870906214074
27-1027.00,3.4933333333333336,1.69,2.645,-1.698798926600067
27-2011.00,2.83,1.9049999999999998,1.685,-0.9175602668808072
27-2012.00,3.7733333333333334,2.085,2.325,-1.436909967895482
27-2012.03,3.796666666666667,2.8899999999999997,2.7,-1.2661187596769239
27-2012.04,2.9166666666666665,1.685,1.585,-1.0092602552263323
27-2012.05,3.606666666666667,3.275,3.035,-1.2066775401744723
27-2021.00,3.4599999999999995,2.6350000000000002,3.33,-1.4753577110686595
27-2022.00,3.67,1.815,2.365,-1.5648842162935612
27-2023.00,2.5533333333333332,1.9700000000000002,1.45,-0.6309297087669761
27-2031.00,2.47,2.69,1.855,-0.5325616530855366
27-2032.00,3.24,2.05,1.62,-0.9401596858982142
27-2041.00,3.393333333333333,2.25,2.355,-1.2674232337063192
27-2042.00,3.19,2.605,2.765,-1.219628876565721
27-3011.00,3.7466666666666666,3.0300000000000002,2.3449999999999998,-1.0645893381743998
27-3023.00,3.9766666666666666,2.37,2.4,-1.393022729648575
27-3031.00,3.983333333333333,1.725,1.5699999999999998,-1.2879675585863035
27-3041.00,3.7133333333333334,2.55,2.245,-1.1845421078549112
27-3042.00,3.8633333333333333,2.875,2.5,-1.211768426308392
27-3043.00,2.983333333333333,2.07,1.9049999999999998,-1.0099746449200409
27-3043.05,3.6799999999999997,2.435,2.225,-1.21272291126449
27-3091.00,3.85,3.025,1.6400000000000001,-0.7358582986529951
27-3092.00,1.9033333333333333,2.84,3.12,-0.7376356846480856
27-4011.00,3.68,3.275,3.4250000000000003,-1.3476963548078131
27-4012.00,3.266666666666667,2.6550000000000002,3.1550000000000002,-1.356313938307691
27-4014.00,3.67,2.385,3.06,-1.5494074536904638
27-4021.00,3.4233333333333333,2.25,2.98,-1.5116078195733413
27-4031.00,3.34,2.785,3.3200000000000003,-1.3816877165377588
27-4032.00,3.896666666666667,1.9749999999999999,2.255,-1.4927030614174241
29-1011.00,3.5833333333333335,2.695,2.92,-1.3564788778247923
29-1021.00,3.5933333333333337,3.02,3.165,-1.3259765010221027
29-1022.00,3.9233333333333333,2.275,2.8449999999999998,-1.5905246477794561
29-1023.00,3.3000000000000003,2.925,3.0700000000000003,-1.2423055493877206
29-1024.00,4.19,2.685,3.6900000000000004,-1.7506464640256545
29-1031.00,3.8000000000000003,1.8,1.3900000000000001,-1.0765181489728217
29-1041.00,4.086666666666667,2.6500000000000004,2.8899999999999997,-1.4944265039661655
29-1051.00,3.3066666666666666,3.0100000000000002,2.29,-0.9225523714340355
29-1071.00,4.06,2.16,2.39,-1.502368117860987
29-1071.01,3.4566666666666666,3.0700000000000003,2.9699999999999998,-1.2071891247888284
29-1081.00,3.58,2.2350000000000003,3.165,-1.623274627943216
29-1122.00,3.926666666666667,1.84,2.605,-1.715457993139767
29-1122.01,3.533333333333333,1.52,2.66,-1.8218575003853343
29-1123.00,3.723333333333333,2.45,2.695,-1.4099295042173243
29-1124.00,3.5366666666666666,4.24,3.7649999999999997,-1.1443692559657725
29-1125.00,3.4599999999999995,1.935,2.6799999999999997,-1.5669780571106526
29-1126.00,3.44,2.795,3.245,-1.384754714934298
29-1127.00,3.983333333333333,2.045,1.99,-1.3548558389510459
29-1128.00,3.8033333333333332,2.18,2.1100000000000003,-1.3032409458928522
29-1129.01,4.083333333333333,1.71,2.48,-1.7786788379849487
29-1129.02,3.8433333333333337,1.94,2.615,-1.6449161700545076
29-1131.00,3.486666666666667,2.405,2.825,-1.409904631009347
29-1141.00,3.9633333333333334,2.685,2.71,-1.3863533289653622
29-1141.01,3.776666666666667,2.69,2.55,-1.2753939519283923
29-1141.02,4.146666666666667,2.175,1.7349999999999999,-1.1962835475010989
29-1141.03,3.8433333333333333,2.62,2.785,-1.4074136012190999
29-1141.04,3.9499999999999997,2.14,2.375,-1.477907187365875
29-1151.00,3.9666666666666663,3.0,3.2300000000000004,-1.4517959600158294
29-1161.00,3.84,2.09,2.585,-1.5580338085833083
29-1171.00,3.9866666666666664,2.33,2.4749999999999996,-1.4433275882974201
29-1181.00,3.8366666666666664,1.82,2.655,-1.7222120876708795
29-1211.00,3.8299999999999996,2.885,3.02,-1.38859673461927
29-1213.00,3.3733333333333335,1.7550000000000001,2.32,-1.4949997039515992
29-1214.00,4.21,2.4,2.63,-1.5289777565300633
29-1215.00,3.66,1.905,2.425,-1.538812663224057
29-1216.00,3.936666666666666,2.66,2.66,-1.370334341541161
29-1217.00,4.336666666666667,2.23,1.79,-1.2473200382369405
29-1218.00,3.983333333333333,2.21,2.9450000000000003,-1.6692352912832988
29-1221.00,3.1833333333333336,1.85,2.51,-1.463025979877988
29-1222.00,3.8033333333333332,3.1849999999999996,3.12,-1.3152585880031393
29-1223.00,3.7533333333333334,1.7400000000000002,1.37,-1.0835699606570306
29-1224.00,3.97,2.8099999999999996,3.2800000000000002,-1.5334250337494972
29-1229.01,3.92,2.325,2.205,-1.3130991236618608
29-1229.02,4.153333333333333,2.08,2.0949999999999998,-1.4310968843520717
29-1229.03,4.203333333333333,3.375,3.115,-1.3557116892236418
29-1229.04,4.033333333333333,2.23,2.735,-1.5987230143365028
29-1229.05,4.216666666666666,1.81,1.9000000000000001,-1.4875719674000796
29-1229.06,3.896666666666667,2.1,3.2,-1.781334951892171
29-1241.00,4.153333333333333,2.565,3.885,-1.839075729888075
29-1291.00,3.5233333333333334,2.04,2.835,-1.588499640537627
29-1292.00,3.58,2.855,3.325,-1.427760631412453
29-1299.01,4.08,1.86,1.9500000000000002,-1.453349873266616
29-1299.02,3.616666666666667,2.24,2.8049999999999997,-1.5104804644260703
29-2011.00,3.7266666666666666,3.705,3.205,-1.1705430106834265
29-2011.01,3.5700000000000003,3.285,2.715,-1.0819908972408725
29-2011.02,2.7933333333333334,2.955,2.94,-1.022146556318411
29-2011.04,2.6300000000000003,3.625,3.3099999999999996,-0.8760777472720066
29-2012.00,3.453333333333333,3.62,2.75,-0.9644668340040274
29-2012.01,2.7133333333333334,3.6,3.12,-0.8550770477056662
29-2031.00,3.4066666666666667,3.3950000000000005,3.4250000000000003,-1.2345320068109777
29-2032.00,3.4466666666666668,3.2,3.545,-1.3397949305905832
29-2033.00,3.0066666666666664,3.355,3.09,-1.0185513658924314
29-2034.00,2.9133333333333336,3.01,3.485,-1.2158258664510373
29-2035.00,3.4499999999999997,3.865,2.76,-0.9016432287329414
29-2036.00,3.98,3.33,2.79,-1.204351111137268
29-2051.00,3.5033333333333334,2.39,2.99,-1.477694917679926
29-2052.00,3.26,3.34,2.825,-1.0142647529884115
29-2053.00,2.8699999999999997,2.075,2.375,-1.1893483135754725
29-2055.00,3.09,2.9499999999999997,3.415,-1.274543413580679
29-2056.00,3.3699999999999997,2.46,3.0250000000000004,-1.4216624859028038
29-2057.00,2.8166666666666664,2.425,2.5549999999999997,-1.0877748519671937
29-2061.00,3.3366666666666664,2.835,2.65,-1.1374900074774348
29-2081.00,3.8033333333333332,2.9,2.665,-1.2513711958312541
29-2091.00,3.783333333333333,2.355,3.3600000000000003,-1.686005701766034
29-2092.00,3.4066666666666667,2.21,2.75,-1.4443426922562672
29-2099.01,3.546666666666667,2.765,2.655,-1.2254122149649926
29-2099.05,2.6333333333333333,2.2750000000000004,2.64,-1.1170493355601772
29-2099.08,3.4,3.06,2.305,-0.9404411921064383
29-9091.00,3.3200000000000003,2.445,2.39,-1.1772130259449813
29-9092.00,3.783333333333333,1.785,1.3050000000000002,-1.0173900808023564
29-9093.00,3.4133333333333336,2.755,3.435,-1.448288814012687
29-9099.01,3.703333333333333,1.88,2.4450000000000003,-1.5720066610684067
31-1121.00,3.206666666666667,2.27,2.885,-1.404977044476257
31-1122.00,3.59,2.59,2.7350000000000003,-1.3326257626626856
31-1131.00,3.0933333333333333,2.885,2.565,-1.0116828367926696
31-1132.00,2.3966666666666665,3.31,3.295,-0.8695368616303447
31-1133.00,3.36,2.395,2.825,-1.3770661077106385
31-2011.00,3.8699999999999997,2.8150000000000004,2.335,-1.166304136570897
31-2012.00,3.5233333333333334,2.15,2.6050000000000004,-1.4513723442797954
31-2021.00,3.4033333333333338,2.115,2.86,-1.5265221558419846
31-2022.00,3.276666666666667,2.12,2.63,-1.4023944029967175
31-9011.00,3.013333333333333,2.1550000000000002,2.3449999999999998,-1.1875415640785068
31-9091.00,3.236666666666667,2.975,3.25,-1.2629549509791769
31-9092.00,3.653333333333333,2.545,2.675,-1.3454587231972432
31-9093.00,3.473333333333333,3.8949999999999996,3.415,-1.113598561357153
31-9094.00,2.7099999999999995,3.21,2.73,-0.8349793069465533
31-9095.00,3.0400000000000005,2.87,3.05,-1.172687076265921
31-9096.00,3.31,2.56,3.0549999999999997,-1.373720523521059
31-9097.00,3.3233333333333337,3.365,3.295,-1.1799465001634168
31-9099.01,3.4966666666666666,1.915,2.49,-1.5143752215841033
31-9099.02,3.186666666666667,3.52,3.665,-1.1993427841238093
33-1011.00,3.4933333333333336,2.37,2.735,-1.3940978709516911
33-1012.00,3.7099999999999995,2.325,3.7150000000000003,-1.7796905157497465
33-1021.00,3.626666666666667,2.375,3.835,-1.767485950092302
33-1091.00,3.1533333333333338,2.425,3.0,-1.3612408586743405
33-2011.00,3.28,2.625,4.065,-1.6251762693522394
33-2021.00,3.6033333333333335,2.105,2.9699999999999998,-1.6261058286632708
33-2022.00,3.2266666666666666,2.85,3.92,-1.4902222721421878
33-3011.00,3.1033333333333335,2.02,2.74,-1.4373372116077316
33-3012.00,3.3266666666666667,2.94,3.425,-1.3546626920188611
33-3021.00,3.7733333333333334,2.605,3.375,-1.58692143322609
33-3021.02,3.48,2.245,3.25,-1.6169817689338113
33-3021.06,4.16,2.475,1.9899999999999998,-1.2074093169889193
33-3031.00,3.56,1.95,3.965,-1.979437027375095
33-3041.00,3.3666666666666667,3.1950000000000003,4.525,-1.5619536245014953
33-3051.00,3.5533333333333332,2.49,3.8899999999999997,-1.7140125772233272
33-3051.04,3.73,2.98,3.315,-1.4229425567762368
33-3052.00,3.5733333333333337,2.53,3.6399999999999997,-1.6372632458837668
33-9011.00,3.6366666666666667,2.3449999999999998,4.075,-1.8436528559714533
33-9021.00,3.6633333333333336,2.42,3.0650000000000004,-1.5346535089670001
33-9031.00,3.6566666666666663,3.335,3.13,-1.2331123108035038
33-9032.00,3.733333333333333,3.4749999999999996,3.12,-1.2095400124375748
33-9091.00,2.44,1.6099999999999999,2.8899999999999997,-1.4770203624330795
33-9092.00,2.53,2.205,2.715,-1.1362837472265181
33-9093.00,2.7399999999999998,3.29,2.945,-0.8971791727262481
33-9099.02,3.606666666666667,2.835,2.9050000000000002,-1.3071754378743852
35-1011.00,3.1666666666666665,2.875,3.52,-1.3550878252990772
35-1012.00,3.28,2.7,2.79,-1.2206332452190432
35-2011.00,2.4499999999999997,2.075,2.015,-0.8667460662726202
35-2012.00,3.0033333333333334,2.42,3.13,-1.3569882473356039
35-2013.00,2.6833333333333336,2.04,3.52,-1.532570984516243
35-2014.00,1.8399999999999999,2.84,3.09,-0.6941326103574336
35-2015.00,2.473333333333333,2.195,2.4050000000000002,-0.9969346255417693
35-2021.00,2.0833333333333335,2.7199999999999998,2.865,-0.7859056449389975
35-3011.00,2.8066666666666666,2.125,2.795,-1.3060578438168078
35-3023.00,2.1366666666666667,2.9450000000000003,2.145,-0.44227771754089906
35-3023.01,2.4766666666666666,2.435,3.1799999999999997,-1.1738480103190903
35-3031.00,2.5733333333333333,2.145,2.545,-1.1161931729910808
35-3041.00,2.78,3.11,2.915,-0.9576980213138584
35-9011.00,2.64,1.955,3.17,-1.454120311610085
35-9021.00,2.1633333333333336,2.285,2.965,-1.0321612501514097
35-9031.00,2.313333333333333,1.97,2.38,-1.0277564307840894
37-1011.00,3.44,2.935,2.9000000000000004,-1.2234747550976757
37-1012.00,3.3766666666666665,2.81,4.2,-1.6187890715361506
37-2011.00,3.0033333333333334,2.2399999999999998,3.215,-1.4610742747747711
37-2012.00,2.393333333333333,2.27,2.785,-1.0771551362779592
37-2021.00,3.0,2.645,4.165,-1.5526574989766533
37-3011.00,2.4633333333333334,3.065,3.8049999999999997,-1.1177838682174752
37-3012.00,2.94,2.75,4.26,-1.5160778299533895
37-3013.00,2.8466666666666662,2.525,4.154999999999999,-1.5442200847124568
39-1013.00,2.563333333333333,3.3949999999999996,2.145,-0.4821442862187638
39-1022.00,3.2433333333333336,2.4050000000000002,2.4,-1.1745204413259793
39-2011.00,3.3633333333333333,1.815,2.8499999999999996,-1.6641660722611529
39-2021.00,3.0,2.115,2.9299999999999997,-1.4245598991988442
39-3011.00,2.0066666666666664,2.75,2.9050000000000002,-0.7513074492780147
39-3012.00,2.34,3.425,2.71,-0.615998092547031
39-3021.00,1.9400000000000002,2.6550000000000002,2.305,-0.5213239948299465
39-3031.00,2.21,2.395,2.1,-0.6615466293961602
39-3091.00,2.94,2.435,2.43,-1.0763540821684943
39-3092.00,3.35,2.45,3.205,-1.4775844116529728
39-3093.00,1.9366666666666668,2.0149999999999997,3.055,-1.0771286794206227
39-4011.00,3.02,2.56,3.65,-1.4599767404897073
39-4021.00,2.59,1.885,2.88,-1.3755203489593266
39-4031.00,3.3033333333333332,2.245,3.3,-1.5801490069520039
39-5011.00,2.8633333333333333,2.26,3.205,-1.4013337244164932
39-5012.00,3.4,2.55,3.6,-1.5686159179138452
39-5091.00,3.19,1.855,3.1900000000000004,-1.702157137534108
39-5092.00,2.1033333333333335,1.7650000000000001,2.94,-1.2537822788503423
39-5093.00,2.64,2.165,3.055,-1.3151381483273303
39-5094.00,3.0066666666666664,2.66,2.92,-1.194089538893005
39-6011.00,2.8833333333333333,2.555,3.665,-1.419723143958625
39-6012.00,3.236666666666667,1.77,2.09,-1.3407285130261055
39-7011.00,2.8733333333333335,1.8399999999999999,2.01,-1.1438419464575822
39-7012.00,3.25,2.58,2.88,-1.2886558915559747
39-9011.00,2.9333333333333336,1.755,1.9449999999999998,-1.1789325529686316
39-9011.01,2.7733333333333334,1.94,3.04,-1.469219508507901
39-9031.00,3.2866666666666666,2.265,2.48,-1.2805576811883277
39-9032.00,3.856666666666667,2.26,2.3600000000000003,-1.3931000582908002
39-9041.00,3.1799999999999997,2.13,2.085,-1.1355280723215164
41-1011.00,2.9499999999999997,2.405,2.565,-1.1462137454167367
41-1012.00,3.4800000000000004,2.735,2.675,-1.2248502382604085
41-2011.00,2.2433333333333336,2.6,2.5949999999999998,-0.8060379265789424
41-2012.00,2.6633333333333336,3.225,2.4699999999999998,-0.7128636715022235
41-2021.00,3.0700000000000003,2.565,3.27,-1.3645090678855352
41-2022.00,3.3033333333333332,2.685,2.8449999999999998,-1.2528143992912528
41-2031.00,2.94,2.335,2.4850000000000003,-1.140670349778322
41-3011.00,3.4233333333333333,1.975,2.26,-1.3654111502034663
41-3021.00,3.1366666666666667,2.395,1.95,-0.9376068066419554
41-3031.00,3.606666666666667,2.205,1.9100000000000001,-1.1391597179099548
41-3041.00,3.276666666666667,2.17,2.5949999999999998,-1.3656859945564492
41-4011.00,2.5733333333333333,2.26,2.2649999999999997,-0.9474120210193778
41-4011.07,3.4133333333333336,2.085,1.8849999999999998,-1.1268482965924616
41-4012.00,3.106666666666667,2.29,3.19,-1.4650194392599953
41-9011.00,3.0399999999999996,2.1950000000000003,2.83,-1.3659521805461419
41-9012.00,2.1733333333333333,1.83,1.385,-0.49764626005642415
41-9021.00,3.4966666666666666,2.205,2.09,-1.1982466908180065
41-9022.00,3.716666666666667,2.025,2.8,-1.636876925860674
41-9031.00,3.64,2.02,1.69,-1.113614699170518
41-9041.00,3.606666666666667,3.0549999999999997,2.45,-1.0620924166833028
41-9091.00,2.4433333333333334,1.54,2.2800000000000002,-1.2857562537712621
43-1011.00,3.6566666666666663,2.085,2.165,-1.3342034918227175
43-2011.00,2.0966666666666667,2.33,2.045,-0.6098783039613953
43-2021.00,2.9233333333333333,3.275,2.42,-0.7701741887973618
43-3011.00,2.65,2.695,1.585,-0.44374584296641434
43-3021.00,2.856666666666667,2.995,2.29,-0.7812630299403144
43-3031.00,2.77,2.9650000000000003,2.115,-0.6810251002477997
43-3041.00,2.6966666666666668,3.59,2.7950000000000004,-0.7416963465091658
43-3051.00,3.0666666666666664,2.9450000000000003,2.205,-0.831209887182144
43-3061.00,3.02,2.875,1.6600000000000001,-0.5560217595059166
43-3071.00,3.2733333333333334,3.29,2.9400000000000004,-1.0733308502715746
43-4011.00,2.7099999999999995,3.11,2.13,-0.6184478884218002
43-4021.00,2.9133333333333336,3.2199999999999998,1.955,-0.5703067348803466
43-4031.00,2.9299999999999997,2.835,2.165,-0.8053808473037136
43-4041.00,3.14,2.83,1.755,-0.6664149451828447
43-4051.00,3.4066666666666663,2.925,2.92,-1.2240234317038192
43-4061.00,3.44,2.7600000000000002,2.27,-1.0400206231495597
43-4071.00,3.68,2.945,2.425,-1.1086354594667363
43-4081.00,2.9599999999999995,2.665,2.5,-1.021275942592316
43-4111.00,3.6466666666666665,3.28,2.485,-1.016242745478265
43-4121.00,2.873333333333333,2.595,2.285,-0.928252303735808
43-4131.00,3.5833333333333335,2.9099999999999997,1.945,-0.8734023617925709
43-4141.00,2.4499999999999997,2.7649999999999997,2.3499999999999996,-0.733462717738405
43-4151.00,3.4299999999999997,2.54,1.8599999999999999,-0.9209726678725131
43-4161.00,3.2466666666666666,2.745,1.935,-0.8279550805065852
43-4171.00,2.5666666666666664,2.605,2.49,-0.8974580754628144
43-4181.00,3.2433333333333336,3.77,2.5949999999999998,-0.8031131226877366
43-5011.00,2.966666666666667,2.305,3.2,-1.4155091214270534
43-5011.01,4.016666666666667,3.26,2.575,-1.1545747100056376
43-5021.00,2.33,2.46,3.81,-1.2833361067719475
43-5031.00,3.633333333333333,3.33,3.3150000000000004,-1.2856358202124616
43-5032.00,3.0733333333333337,3.25,2.8049999999999997,-0.9755112915334063
43-5041.00,2.7133333333333334,3.51,4.300000000000001,-1.201176876568082
43-5051.00,2.98,2.865,3.04,-1.1512124657687404
43-5052.00,1.7766666666666666,2.695,4.195,-1.0172340850678525
43-5053.00,2.41,3.795,3.375,-0.7623376609794636
43-5061.00,3.28,3.435,2.38,-0.8209269844051229
43-5071.00,2.936666666666667,3.725,3.26,-0.9439354948270717
43-5111.00,3.263333333333333,3.985,3.535,-1.062925154980667
43-6011.00,3.1366666666666667,2.48,2.425,-1.1207336291417342
43-6012.00,3.47,2.8600000000000003,1.99,-0.8814676078634077
43-6013.00,3.33,2.9949999999999997,2.555,-1.044080296080608
43-6014.00,2.8166666666666664,2.745,2.27,-0.84555290923279
43-9021.00,3.1999999999999997,3.33,2.255,-0.77332847876797
43-9022.00,2.6933333333333334,3.0700000000000003,2.0949999999999998,-0.6086555756398893
43-9031.00,3.5566666666666666,2.355,2.5300000000000002,-1.3405023519166002
43-9041.00,2.8766666666666665,3.0500000000000003,2.02,-0.6445881372210199
43-9051.00,2.52,3.83,3.465,-0.8241067309726436
43-9061.00,2.6166666666666667,2.835,2.435,-0.8098060624810451
43-9071.00,2.7433333333333336,3.2,2.42,-0.729790456383783
43-9081.00,2.6966666666666668,2.8449999999999998,2.37,-0.8093433299710364
43-9111.00,3.7733333333333334,2.275,1.47,-0.8912411324946583
45-1011.00,2.986666666666667,2.765,3.675,-1.3786704360092312
45-2011.00,3.14,3.355,3.5,-1.186533997991885
45-2021.00,2.28,1.785,2.6500000000000004,-1.219316667732878
45-2041.00,2.5033333333333334,3.035,3.46,-1.048680341666105
45-2091.00,2.6166666666666667,3.0,3.9250000000000003,-1.2306553056924696
45-2092.00,3.0700000000000003,2.52,3.705,-1.5071019188238242
45-2093.00,2.776666666666667,2.1399999999999997,3.475,-1.5060398174936371
45-3031.00,2.926666666666667,2.25,3.9850000000000003,-1.6454712150047655
45-4011.00,3.0,2.3600000000000003,3.77,-1.5670256710905104
45-4021.00,1.76,2.6449999999999996,4.305,-1.0524198816194918
45-4022.00,2.763333333333333,4.075,4.825,-1.185377668577217
45-4023.00,2.956666666666667,3.555,3.925,-1.1830737956325459
47-1011.00,3.3033333333333332,2.715,3.505,-1.4503306267744416
47-1011.03,2.9633333333333334,2.63,3.73,-1.4357391483237545
47-2011.00,2.6566666666666667,2.51,3.565,-1.3279535048565807
47-2021.00,3.0566666666666666,2.355,4.055,-1.6607349576992587
47-2022.00,3.103333333333333,2.77,4.404999999999999,-1.5963697418097615
47-2031.00,3.3433333333333333,2.77,3.8600000000000003,-1.538788176583227
47-2041.00,2.606666666666667,1.9749999999999999,4.08,-1.6836008559520952
47-2042.00,3.0400000000000005,1.665,3.71,-1.9130642686050672
47-2043.00,3.2133333333333334,3.2249999999999996,4.1850000000000005,-1.4278825736480478
47-2044.00,2.9333333333333336,2.38,3.9400000000000004,-1.5802196684425103
47-2051.00,2.7899999999999996,3.7399999999999998,4.27,-1.1585698116473666
47-2053.00,2.7433333333333336,3.04,4.13,-1.31559361757568
47-2061.00,3.6033333333333335,2.915,4.119999999999999,-1.6278426865419864
47-2071.00,2.7133333333333334,3.38,4.095000000000001,-1.190068899156445
47-2072.00,2.966666666666667,3.205,4.58,-1.4444258958234446
47-2073.00,3.3766666666666665,3.1900000000000004,4.630000000000001,-1.589424980893872
47-2081.00,2.3666666666666667,2.76,3.645,-1.1396081811107233
47-2082.00,2.046666666666667,2.01,3.925,-1.3854440826543288
47-2111.00,3.6333333333333333,2.8,4.455,-1.7545581443086027
47-2121.00,3.03,2.74,4.165,-1.5273209747401049
47-2131.00,2.7433333333333336,2.3899999999999997,3.96,-1.5141243853438389
47-2132.00,2.86,1.995,3.9499999999999997,-1.7338931534029647
47-2141.00,3.1566666666666667,2.65,4.09,-1.583501948586457
47-2142.00,2.283333333333333,2.235,4.125,-1.4384611553271363
47-2151.00,2.6466666666666665,2.6550000000000002,3.66,-1.2943194793103072
47-2152.00,2.926666666666667,2.62,4.31,-1.5716277053215664
47-2152.04,3.6,2.26,3.4050000000000002,-1.6908139717793456
47-2161.00,3.0100000000000002,2.685,4.165,-1.5409756264187626
47-2171.00,2.686666666666667,2.975,3.7800000000000002,-1.2277812384843307
47-2181.00,3.0,2.7249999999999996,3.8499999999999996,-1.4442170088525954
47-2211.00,2.9633333333333334,3.405,4.380000000000001,-1.3381185456445828
47-2221.00,2.623333333333333,2.665,4.325,-1.4486538565272369
47-2231.00,3.1033333333333335,2.855,4.3149999999999995,-1.5455022840482837
47-3011.00,2.9233333333333333,3.26,4.235,-1.3343806504413835
47-3012.00,3.0966666666666662,2.665,4.29,-1.606408939479755
47-3013.00,3.703333333333333,2.54,4.3149999999999995,-1.839166558488375
47-3014.00,2.183333333333333,2.755,3.705,-1.0771185771222231
47-3015.00,3.06,2.715,3.9499999999999997,-1.493338541491421
47-3016.00,3.4,2.49,4.17,-1.7394087569562093
47-4011.00,3.546666666666667,2.26,2.92,-1.5222269982413847
47-4011.01,3.676666666666667,2.045,3.035,-1.6968201796139981
47-4021.00,2.83,3.09,4.25,-1.3590246036818177
47-4031.00,2.48,2.9000000000000004,3.91,-1.207085197181737
47-4041.00,3.013333333333333,2.975,3.48,-1.2598351405247652
47-4051.00,3.1966666666666668,3.4299999999999997,4.26,-1.3788174993306677
47-4061.00,3.4333333333333336,3.4699999999999998,4.404999999999999,-1.4721172719968554
47-4071.00,2.9066666666666663,2.92,4.335,-1.4621449432050933
47-4091.00,3.1666666666666665,2.545,3.59,-1.4967010624360868
47-4099.03,3.31,2.785,3.87,-1.5259548230514144
47-5011.00,2.4633333333333334,3.625,4.074999999999999,-1.0185319046781884
47-5012.00,3.1533333333333338,4.09,4.275,-1.1926992267296905
47-5013.00,3.1933333333333334,4.08,3.99,-1.1387595458003612
47-5022.00,3.0566666666666666,3.585,4.67,-1.381725595229486
47-5023.00,3.0866666666666664,2.795,4.43,-1.5876592374399603
47-5032.00,3.293333333333333,3.34,4.22,-1.425764544150978
47-5041.00,2.85,3.5300000000000002,4.52,-1.2945331171794936
47-5043.00,2.686666666666667,4.18,4.705,-1.1066157943511055
47-5044.00,2.2899999999999996,3.16,4.51,-1.1842769434819145
47-5051.00,2.3366666666666664,2.7199999999999998,3.705,-1.1577767908185332
47-5071.00,2.9600000000000004,3.06,4.61,-1.495002209380237
47-5081.00,3.703333333333333,3.52,4.57,-1.5702855302795367
49-1011.00,3.5933333333333333,2.755,3.8899999999999997,-1.6240719918382183
49-2011.00,2.8433333333333333,2.78,3.835,-1.366695579952152
49-2021.00,3.6833333333333336,2.21,4.245,-1.9565674435293015
49-2022.00,3.4,2.5,4.23,-1.7496866928061472
49-2091.00,3.353333333333333,2.235,3.585,-1.6824721219895347
49-2092.00,3.356666666666667,3.0949999999999998,4.135,-1.5006478404014565
49-2093.00,3.2366666666666664,2.7249999999999996,4.16,-1.5975906397930886
49-2094.00,3.39,2.7800000000000002,3.16,-1.348951021288634
49-2095.00,3.3766666666666665,3.1550000000000002,3.745,-1.3883221505684886
49-2096.00,3.6166666666666667,2.8200000000000003,4.2299999999999995,-1.691017899426523
49-2097.00,3.4,2.185,3.305,-1.6375960763782116
49-2098.00,3.3000000000000003,2.0949999999999998,3.6799999999999997,-1.7572816672791731
49-3011.00,3.5566666666666666,2.85,4.404999999999999,-1.7042450417531358
49-3021.00,3.1233333333333335,2.565,4.44,-1.6875967054036218
49-3022.00,2.4,2.3049999999999997,3.695,-1.3473686153054532
49-3023.00,3.2699999999999996,2.615,4.699999999999999,-1.7710883961082882
49-3031.00,3.26,2.7800000000000002,4.505,-1.6644641587363715
49-3041.00,3.2899999999999996,2.8600000000000003,4.37,-1.6148289490530179
49-3042.00,3.5500000000000003,3.0149999999999997,4.555,-1.6795733040200975
49-3043.00,2.8833333333333333,2.5149999999999997,4.41,-1.6205489181827306
49-3051.00,3.0066666666666664,2.06,4.295,-1.8355776180411514
49-3052.00,3.5400000000000005,2.8049999999999997,4.755,-1.7919198841683772
49-3053.00,3.0233333333333334,2.195,4.140000000000001,-1.7408737167690238
49-3091.00,2.6833333333333336,1.745,3.66,-1.7277683945212468
49-3092.00,3.033333333333333,1.8050000000000002,3.8049999999999997,-1.8554175243834994
49-3093.00,3.0933333333333337,3.13,4.43,-1.476615837634982
49-9011.00,2.89,2.415,4.26,-1.6288263753010837
49-9012.00,3.1833333333333336,2.78,4.135,-1.5549652665976383
49-9021.00,3.276666666666667,2.805,4.065,-1.55783684951608
49-9031.00,2.94,2.435,4.35,-1.6586386699166298
49-9041.00,3.3633333333333333,3.135,4.145,-1.492206160199782
49-9043.00,3.14,3.4699999999999998,3.82,-1.240318628579878
49-9044.00,3.3866666666666667,3.5,4.25,-1.4140021679231836
49-9045.00,2.7433333333333336,3.265,4.065,-1.2283277062922484
49-9051.00,2.6533333333333333,2.7800000000000002,4.484999999999999,-1.4541042789963954
49-9052.00,3.3166666666666664,2.975,4.395,-1.5891837546419387
49-9061.00,2.72,2.0,2.93,-1.3824871227769369
49-9062.00,3.06,2.545,3.44,-1.4197557373471104
49-9063.00,2.8033333333333332,2.355,3.75,-1.4960242978306852
49-9064.00,3.1166666666666667,1.825,3.5149999999999997,-1.7922235928606591
49-9071.00,3.5400000000000005,3.16,4.285,-1.5686752515966058
49-9081.00,3.353333333333333,3.445,4.5600000000000005,-1.4903535950641562
49-9091.00,2.3533333333333335,3.025,3.58,-1.0242844717668453
49-9092.00,2.986666666666667,2.875,4.04,-1.4343499560424744
49-9094.00,3.5399999999999996,2.4050000000000002,4.135,-1.806064152063613
49-9095.00,3.4299999999999997,2.645,4.5,-1.7639665926438601
49-9096.00,2.9299999999999997,3.625,3.74,-1.1062337461487783
49-9097.00,2.4533333333333336,2.57,3.9050000000000002,-1.3157995284571964
49-9098.00,2.676666666666667,2.74,3.825,-1.318172786169081
49-9099.01,3.35,3.16,4.04,-1.454633010211213
51-1011.00,3.4499999999999997,3.585,2.9850000000000003,-1.0552155038362503
51-2011.00,3.2733333333333334,3.02,3.83,-1.4234168055040413
51-2021.00,2.6833333333333336,3.02,3.37,-1.0967157157398546
51-2022.00,2.873333333333333,2.8449999999999998,3.29,-1.2007972932064783
51-2023.00,2.703333333333333,2.9299999999999997,3.23,-1.091965293664801
51-2031.00,2.6999999999999997,2.835,3.9,-1.3121863889661687
51-2041.00,3.013333333333333,2.85,3.7649999999999997,-1.381475752707273
51-2051.00,2.9166666666666665,3.255,3.6449999999999996,-1.1836055015015021
51-2061.00,2.9933333333333336,1.65,2.89,-1.6568688078578502
51-2092.00,2.7266666666666666,2.835,3.4250000000000003,-1.1921393964810192
51-3011.00,2.5433333333333334,3.175,2.905,-0.8446013145874756
51-3021.00,2.716666666666667,3.29,3.6500000000000004,-1.1032452414017815
51-3022.00,3.0966666666666662,3.87,3.675,-1.0786248897807469
51-3023.00,2.2866666666666666,3.635,3.17,-0.6902176299733906
51-3091.00,3.1466666666666665,3.705,3.645,-1.1300167982018707
51-3092.00,3.14,4.1899999999999995,3.71,-1.0225539426054595
51-3093.00,2.9766666666666666,3.26,3.5200000000000005,-1.1675379004516877
51-4021.00,2.7399999999999998,4.109999999999999,3.255,-0.7747271675523681
51-4022.00,3.013333333333333,3.8099999999999996,3.98,-1.1466995158937123
51-4023.00,2.9599999999999995,3.91,4.1,-1.1326388680489563
51-4031.00,2.566666666666667,4.42,3.68,-0.7593810962827615
51-4032.00,3.44,3.64,3.615,-1.2285796453473856
51-4033.00,2.5666666666666664,3.88,3.695,-0.8937534409565114
51-4034.00,3.4933333333333336,3.0,3.9050000000000002,-1.514501884848326
51-4035.00,3.0933333333333337,3.585,3.79,-1.1848568031727509
51-4041.00,2.8333333333333335,4.11,3.8249999999999997,-0.969589313598517
51-4051.00,2.9266666666666663,4.12,3.87,-1.0112654626591708
51-4052.00,2.64,2.71,3.665,-1.27265861760523
51-4061.00,3.1300000000000003,3.5949999999999998,3.71,-1.1725208899983959
51-4062.00,2.78,3.26,3.58,-1.1160865327365384
51-4071.00,2.21,3.34,3.7350000000000003,-0.904769527125833
51-4072.00,2.6366666666666667,3.7,3.645,-0.9545390389218954
51-4081.00,3.64,3.4400000000000004,3.545,-1.322050370247433
51-4111.00,3.2133333333333334,3.055,3.4799999999999995,-1.297561521117169
51-4121.00,2.4766666666666666,2.9000000000000004,3.565,-1.1133668869353888
51-4122.00,3.16,3.3049999999999997,3.915,-1.3199508837379377
51-4191.00,2.56,4.074999999999999,4.16,-0.9606515860718172
51-4192.00,3.3333333333333335,2.7350000000000003,3.84,-1.543313735051627
51-4193.00,3.016666666666667,3.46,4.03,-1.256650255932684
51-4194.00,2.716666666666667,3.455,3.6399999999999997,-1.0515668630136776
51-5111.00,3.3766666666666665,3.075,2.645,-1.0662551936442637
51-5112.00,3.22,3.825,4.31,-1.288760796393474
51-5113.00,3.11,3.585,3.525,-1.1177446884037912
51-6011.00,2.01,3.5949999999999998,3.015,-0.522190561077123
51-6021.00,2.4,3.515,3.26,-0.8001564074698877
51-6031.00,2.31,2.82,3.505,-1.0547011600702332
51-6041.00,2.973333333333333,2.605,3.76,-1.456669940120281
51-6042.00,2.8666666666666667,3.73,3.8899999999999997,-1.095150838565983
51-6051.00,2.6133333333333333,3.4749999999999996,2.45,-0.6111200912340871
51-6052.00,2.6666666666666665,3.44,3.52,-1.0038187712364248
51-6061.00,2.9633333333333334,3.9,3.52,-0.9837991973321085
51-6062.00,2.7099999999999995,3.6849999999999996,3.48,-0.9397104030366924
51-6063.00,2.8466666666666662,3.84,3.405,-0.9259212921342088
51-6064.00,2.4766666666666666,3.7649999999999997,3.54,-0.8452924359553844
51-6091.00,3.033333333333333,3.46,3.9699999999999998,-1.2471596304841608
51-6092.00,3.5766666666666667,2.45,2.75,-1.3899441550963414
51-6093.00,2.813333333333333,2.255,3.75,-1.5429758869674337
51-7011.00,3.216666666666667,2.49,3.5549999999999997,-1.5244179794613726
51-7021.00,3.043333333333333,2.075,3.535,-1.645705551604642
51-7031.00,3.4933333333333336,3.04,3.5,-1.3917618433020242
51-7032.00,3.5499999999999994,3.4050000000000002,3.775,-1.3701030465868365
51-7041.00,2.2433333333333336,3.5300000000000002,3.8550000000000004,-0.8960359910586143
51-7042.00,2.3433333333333333,3.425,3.55,-0.8874205489275996
51-8011.00,3.263333333333333,3.115,2.785,-1.07076788901414
51-8012.00,3.4899999999999998,3.255,2.565,-1.011667939176536
51-8013.00,3.1133333333333333,3.205,3.75,-1.2927377131823277
51-8013.03,3.3166666666666664,3.96,3.51,-1.0783322747137767
51-8013.04,3.36,2.705,3.7350000000000003,-1.5345868802614486
51-8021.00,3.44,3.525,3.61,-1.2592988074658646
51-8031.00,3.4299999999999997,3.25,3.775,-1.3823056475371904
51-8091.00,2.66,4.225,3.145,-0.6831207521368745
51-8092.00,3.3966666666666665,3.495,3.4,-1.1952366145028657
51-8093.00,2.676666666666667,3.635,3.625,-0.9818174166117163
51-8099.01,3.3333333333333335,4.095,3.8,-1.1292071537532433
51-9011.00,3.3266666666666667,4.005,3.68,-1.11733997331578
51-9012.00,2.763333333333333,3.16,3.455,-1.1056881100999063
51-9021.00,2.4933333333333336,3.6550000000000002,3.615,-0.9026162657272625
51-9022.00,3.986666666666667,3.3049999999999997,4.525,-1.6971365637026161
51-9023.00,2.733333333333333,4.165,4.23,-1.0210075830414782
51-9031.00,2.4133333333333336,2.6500000000000004,3.515,-1.1634888029940127
51-9032.00,2.9133333333333336,3.9050000000000002,3.88,-1.062875271342867
51-9041.00,3.01,4.0,3.37,-0.9305584620051641
51-9051.00,2.893333333333333,3.46,4.005,-1.2086842314548385
51-9061.00,2.936666666666667,3.38,3.26,-1.0411266371636674
51-9071.00,3.2433333333333336,2.415,3.315,-1.4933599440630938
51-9071.06,2.54,2.955,2.9299999999999997,-0.9236678532013596
51-9081.00,3.8033333333333332,3.2199999999999998,3.6849999999999996,-1.4707670412908576
51-9082.00,3.2566666666666664,2.625,3.1550000000000002,-1.3646117773361712
51-9083.00,2.6366666666666667,4.02,3.04,-0.6900911058986535
51-9111.00,3.1300000000000003,4.285,3.94,-1.0570931758121613
51-9123.00,2.5466666666666664,2.37,2.9050000000000002,-1.1383287496671541
51-9124.00,2.8333333333333335,3.075,3.8449999999999998,-1.2649225765272871
51-9141.00,2.9966666666666666,3.64,3.295,-0.9979230461212405
51-9151.00,2.8366666666666664,2.51,2.5,-1.0386376326476356
51-9161.00,2.9233333333333333,3.9749999999999996,3.535,-0.955413068958223
51-9162.00,3.3000000000000003,3.89,3.885,-1.1926362946616902
51-9191.00,2.5,3.825,4.3149999999999995,-1.036829589131047
51-9192.00,2.733333333333333,3.34,3.785,-1.1305969455029008
51-9193.00,2.81,3.805,3.52,-0.9553294816420108
51-9194.00,3.3000000000000003,3.02,3.5549999999999997,-1.3570207003408603
51-9195.00,2.7733333333333334,3.63,3.7249999999999996,-1.045884169719771
51-9195.03,3.7266666666666666,3.375,4.62,-1.6295135598279977
51-9195.04,2.606666666666667,3.26,3.26,-0.9580722658891101
51-9195.05,2.806666666666667,2.475,3.5900000000000003,-1.4039093460656598
51-9196.00,2.83,3.7700000000000005,3.505,-0.9673922306817802
51-9197.00,3.01,3.71,4.145,-1.2128109907286986
51-9198.00,2.6,3.54,3.8600000000000003,-1.042051901358493
53-1041.00,3.143333333333333,3.315,3.6399999999999997,-1.2388098659880797
53-1042.00,3.3033333333333332,3.13,2.35,-0.9083143832777927
53-1042.01,3.546666666666667,2.67,2.875,-1.3399823970825442
53-1043.00,3.6199999999999997,3.535,3.565,-1.2949247803554027
53-2011.00,3.4466666666666668,3.685,4.625,-1.464613425735262
53-2012.00,4.0633333333333335,2.825,4.24,-1.8080585594705325
53-2021.00,3.69,3.4749999999999996,2.7199999999999998,-1.0606638593435862
53-2022.00,3.1533333333333338,3.29,4.04,-1.3538172215914555
53-2031.00,2.8066666666666666,3.115,2.3499999999999996,-0.7501837155027765
53-3011.00,3.376666666666667,2.725,4.07,-1.6180636009317786
53-3031.00,2.723333333333333,3.33,4.595000000000001,-1.3238530720190997
53-3032.00,2.3333333333333335,3.2350000000000003,4.52,-1.1817809262784795
53-3033.00,2.893333333333333,2.915,4.300000000000001,-1.4511544429012102
53-3051.00,2.66,2.565,4.3,-1.4949826668703916
53-3052.00,2.716666666666667,2.895,4.6,-1.4624768310547522
53-3053.00,2.5666666666666664,2.84,4.355,-1.37012859832288
53-4011.00,3.28,3.21,4.515000000000001,-1.5289776721230768
53-4013.00,3.08,2.645,4.385,-1.6304481574993668
53-4022.00,2.7733333333333334,3.1950000000000003,4.09,-1.2670078483902196
53-4031.00,2.5066666666666664,3.2750000000000004,2.9450000000000003,-0.8127447973099735
53-4041.00,2.3366666666666664,3.865,4.775,-1.0601577042716972
53-5011.00,3.233333333333333,3.2249999999999996,4.109999999999999,-1.4160036751016347
53-5021.00,3.1566666666666663,3.195,4.43,-1.4763291147574233
53-5022.00,2.703333333333333,3.0300000000000002,4.1,-1.296909933648196
53-5031.00,3.473333333333333,3.205,4.18,-1.5107139038211428
53-6011.00,2.07,2.8949999999999996,3.075,-0.7878683975108005
53-6021.00,2.36,2.7,3.745,-1.1858314629964182
53-6031.00,2.9766666666666666,2.415,4.29,-1.6653915520556875
53-6041.00,3.276666666666667,2.95,3.29,-1.2959090399165176
53-6051.00,3.426666666666667,2.5700000000000003,2.65,-1.262241712449912
53-6051.01,3.8000000000000003,2.945,3.465,-1.4976048822706567
53-6051.07,2.3433333333333333,3.1,3.75,-1.0419281456456826
53-6061.00,1.95,1.895,2.66,-1.0069366568348737
53-7011.00,2.893333333333333,3.79,4.0600000000000005,-1.1312261945234554
53-7021.00,3.02,3.365,4.255,-1.3399236303154247
53-7031.00,2.766666666666667,2.38,3.945,-1.5229916927488967
53-7041.00,2.92,3.845,4.505,-1.2299979043828841
53-7051.00,3.0966666666666662,3.305,4.62,-1.4652844959476352
53-7061.00,2.796666666666667,2.535,3.95,-1.4719501736808893
53-7062.00,2.643333333333333,3.675,3.795,-1.00417202516144
53-7062.04,2.4766666666666666,2.875,3.935,-1.220771777681611
53-7063.00,2.08,3.6450000000000005,3.3449999999999998,-0.6464782218327968
53-7064.00,3.0233333333333334,3.455,3.2849999999999997,-1.055904170175876
53-7065.00,2.526666666666667,2.575,2.8049999999999997,-1.0124549158451308
53-7071.00,3.19,3.675,3.9450000000000003,-1.2309167384297908
53-7072.00,3.6633333333333336,3.3200000000000003,4.205,-1.5346829902439345
53-7073.00,3.36,2.95,3.75,-1.4518916436057039
53-7081.00,1.5133333333333334,3.0949999999999998,4.24,-0.7290900864924539
53-7121.00,3.526666666666667,4.005,4.23,-1.3150115502999078
11-1031.00,4.144444444444445,2.0033333333333334,2.098333333333333,-1.4747479201677731
11-2020.00,3.8049999999999997,1.7650000000000001,1.875,-1.3955803950024044
11-2031.00,3.3466666666666662,2.0,1.925,-1.1697436127752756
11-3011.00,3.7399999999999998,2.5066666666666664,2.551666666666667,-1.3314877935466498
11-3040.00,3.7333333333333334,2.7234375,2.2609375,-1.1253356158916972
11-9011.00,3.6533333333333338,2.635,3.41,-1.5534691021538598
11-9012.00,3.6533333333333338,2.635,3.41,-1.5534691021538598
11-9030.00,3.716666666666667,1.8566666666666667,1.8183333333333334,-1.2953017717934878
11-9061.00,3.70030303030303,2.3595454545454544,2.364090909090909,-1.3013871092987328
11-9199.00,3.8672222222222223,2.1508333333333334,2.3241666666666667,-1.394444800746477
13-1030.00,3.4699999999999998,2.8525,3.1225,-1.3265119799563023
13-1070.00,2.931111111111111,2.5450000000000004,2.268333333333333,-0.93989689781188
13-1199.00,3.716666666666667,1.9324999999999999,1.7525,-1.1955552093865482
13-2021.00,3.8383333333333334,2.2300000000000004,2.3825,-1.4108726490571808
13-2051.00,3.8583333333333334,2.215,1.715,-1.0655998845281542
13-2070.00,3.5199999999999996,2.545,2.3925,-1.1967830692736001
13-2099.00,4.048333333333333,2.3125,1.845,-1.1403079697785024
15-1021.00,3.890579710144927,2.415217391304348,2.1880434782608695,-1.2513154620939393
15-1030.00,3.890579710144927,2.415217391304348,2.1880434782608695,-1.2513154620939393
15-1041.00,3.890579710144927,2.415217391304348,2.1880434782608695,-1.2513154620939393
15-1061.00,3.890579710144927,2.415217391304348,2.1880434782608695,-1.2513154620939393
15-1071.00,3.890579710144927,2.415217391304348,2.1880434782608695,-1.2513154620939393
15-1081.00,3.890579710144927,2.415217391304348,2.1880434782608695,-1.2513154620939393
15-1111.00,3.890579710144927,2.415217391304348,2.1880434782608695,-1.2513154620939393
15-1121.00,3.890579710144927,2.415217391304348,2.1880434782608695,-1.2513154620939393
15-1122.00,3.890579710144927,2.415217391304348,2.1880434782608695,-1.2513154620939393
15-1131.00,3.890579710144927,2.415217391304348,2.1880434782608695,-1.2513154620939393
15-1134.00,3.890579710144927,2.415217391304348,2.1880434782608695,-1.2513154620939393
15-1141.00,3.890579710144927,2.415217391304348,2.1880434782608695,-1.2513154620939393
15-1142.00,3.890579710144927,2.415217391304348,2.1880434782608695,-1.2513154620939393
15-1143.00,3.890579710144927,2.415217391304348,2.1880434782608695,-1.2513154620939393
15-1150.00,3.890579710144927,2.415217391304348,2.1880434782608695,-1.2513154620939393
15-1199.00,3.890579710144927,2.415217391304348,2.1880434782608695,-1.2513154620939393
15-2090.00,4.31,2.12,1.6749999999999998,-1.2253349807087648
17-1010.00,3.831666666666667,1.915,2.265,-1.5163523736030697
17-1020.00,3.851111111111111,2.4883333333333333,3.25,-1.6158631998809503
17-2070.00,3.947777777777778,2.4633333333333334,2.3349999999999995,-1.332140634223991
17-2110.00,3.8499999999999996,2.2533333333333334,2.16,-1.3075443829838285
17-2199.00,3.8883333333333336,2.17125,2.25375,-1.3909460942578074
17-3010.00,3.387777777777778,2.4600000000000004,2.3499999999999996,-1.171210476533459
17-3020.00,3.517222222222222,2.7404166666666665,3.184583333333333,-1.4053592535638615
19-1010.00,4.19,2.373333333333333,2.6083333333333334,-1.530270142810025
19-1020.00,4.264285714285714,2.4935714285714283,2.6199999999999997,-1.4924851889264075
19-1030.00,3.8791666666666664,2.0975,2.9825,-1.7046813375710361
19-1040.00,4.288333333333334,2.5075,2.3175,-1.3574431451785096
19-1099.00,4.1570833333333335,2.37375,2.6706250000000002,-1.5357386494722556
19-2010.00,4.221666666666667,1.69,1.5925,-1.384678050276671
19-2030.00,3.9449999999999994,2.3625,2.1,-1.2660270183830744
19-2040.00,4.133333333333334,1.9033333333333335,2.0308333333333333,-1.4693022659826136
19-2099.00,4.32,2.5,2.565,-1.4889231490045967
19-3020.00,4.316666666666666,2.0,1.695,-1.2970190597499052
19-3030.00,4.062666666666667,1.8049999999999997,1.842,-1.4004431072457089
19-3090.00,4.200666666666667,1.759,1.677,-1.369302806317461
19-4011.00,3.291111111111111,3.2483333333333335,3.4800000000000004,-1.2526339494215193
19-4041.00,3.2683333333333335,2.5925000000000002,2.9375,-1.3121949139266786
19-4090.00,3.4655555555555555,2.7883333333333336,2.9149999999999996,-1.29188910327999
21-1010.00,3.6986666666666665,2.0780000000000003,1.7770000000000004,-1.1500453571356277
21-1020.00,3.598888888888889,1.9833333333333334,1.9933333333333334,-1.2830645123743472
21-1090.00,3.7383333333333333,2.38875,2.41125,-1.310665888188498
21-2099.00,3.335,1.61,1.7175,-1.2856087219795556
23-1020.00,3.7066666666666666,2.1166666666666667,1.8166666666666664,-1.1570377786794455
23-2090.00,3.513333333333333,2.75,2.14,-1.0057701718003869
25-1000.00,4.210144927536232,1.7982608695652176,1.86695652173913,-1.4684901767119636
25-2010.00,3.148333333333333,1.685,2.06,-1.3424566315243323
25-2020.00,3.8077777777777775,1.9833333333333334,1.9433333333333334,-1.3163830043036613
25-2030.00,3.893333333333333,2.0425,2.325,-1.4892469037030907
25-2040.00,3.620833333333333,1.8520833333333335,2.0220833333333332,-1.3674427181483801
25-2050.00,3.588666666666667,1.764,1.9330000000000003,-1.3593513068829464
25-3000.00,3.418333333333333,1.9025,2.0837499999999998,-1.3006832834867794
25-4010.00,3.6466666666666665,2.1683333333333334,2.5283333333333333,-1.4446943946501258
25-4021.00,3.6966666666666668,2.0,2.105,-1.3585997992685654
25-9041.00,3.3611111111111107,1.7716666666666665,1.9616666666666667,-1.3111141929181234
27-1010.00,3.5124999999999997,2.3,2.8737499999999994,-1.480915800057869
27-1020.00,3.4323809523809525,2.192142857142857,2.6207142857142856,-1.416782653651261
27-2020.00,3.2277777777777774,2.14,2.381666666666667,-1.2237238787097322
27-2030.00,2.8550000000000004,2.37,1.7375,-0.7363606694918754
27-2040.00,3.2916666666666665,2.4275,2.56,-1.24352605513602
27-2099.00,3.241666666666666,2.32125,2.255833333333334,-1.1222893229365838
27-3010.00,3.7466666666666666,3.0300000000000002,2.3449999999999998,-1.0645893381743998
27-3020.00,3.9766666666666666,2.37,2.4,-1.393022729648575
27-3090.00,2.876666666666667,2.9325,2.38,-0.7367469916505404
27-4010.00,3.538888888888889,2.7716666666666665,3.2133333333333334,-1.4178059156019893
27-4030.00,3.618333333333333,2.38,2.7875,-1.4371953889775915
27-4099.00,3.5461111111111117,2.5541666666666667,3.0325,-1.4399027240557487
29-1020.00,3.751666666666667,2.72625,3.1925,-1.4773632905537335
29-1060.00,3.716363636363636,2.5931818181818183,2.7986363636363634,-1.372023721364162
29-1111.00,3.8065000000000007,2.3305,2.6385000000000005,-1.4726832255596558
29-1121.00,3.7333333333333334,2.2655000000000003,2.6845,-1.5125038818636503
29-1129.00,3.7333333333333334,2.2655000000000003,2.6845,-1.5125038818636503
29-1199.00,3.8065000000000007,2.3305,2.6385000000000005,-1.4726832255596558
29-2010.00,3.147777777777778,3.4650000000000003,3.0066666666666664,-0.995050348870735
29-2021.00,3.2763999999999998,2.9994000000000005,2.9337999999999997,-1.1660960671398692
29-2030.00,3.3672222222222223,3.359166666666667,3.1824999999999997,-1.1524497516025398
29-2041.00,3.2763999999999998,2.9994000000000005,2.9337999999999997,-1.1660960671398692
29-2050.00,3.151666666666667,2.606666666666667,2.864166666666667,-1.2442147892824142
29-2071.00,3.2763999999999998,2.9994000000000005,2.9337999999999997,-1.1660960671398692
29-2090.00,3.354,2.5330000000000004,2.742,-1.2826502273307818
29-9000.00,3.555,2.2162499999999996,2.3937500000000003,-1.303724645457108
31-1010.00,3.1293333333333333,2.69,2.8609999999999998,-1.1991777226545193
31-2010.00,3.6966666666666663,2.4825,2.47,-1.3088382404253462
31-2020.00,3.3400000000000003,2.1175,2.745,-1.464458279419351
33-1099.00,3.1533333333333338,2.425,3.0,-1.3612408586743405
33-2020.00,3.415,2.4775,3.445,-1.5581640504027292
33-3010.00,3.215,2.48,3.0825,-1.3959999518132964
33-9030.00,3.6949999999999994,3.405,3.125,-1.2213261616205393
35-2010.00,2.4899999999999998,2.314,2.832,-1.0894745068047338
35-3021.00,2.3066666666666666,2.6900000000000004,2.6624999999999996,-0.8080628639299947
35-3022.00,2.3066666666666666,2.6900000000000004,2.6624999999999996,-0.8080628639299947
35-9099.00,2.3722222222222222,2.07,2.8383333333333334,-1.1713459975151947
37-3010.00,2.75,2.78,4.073333333333333,-1.3926939276277739
39-1010.00,2.563333333333333,3.3949999999999996,2.145,-0.4821442862187638
39-1021.00,3.2433333333333336,2.4050000000000002,2.4,-1.1745204413259793
39-3010.00,2.173333333333333,3.0875,2.8075,-0.6836527709125229
39-3090.00,2.7422222222222223,2.3,2.8966666666666665,-1.21035572441403
39-4000.00,2.9711111111111106,2.23,3.276666666666666,-1.4718820321336794
39-5090.00,2.735,2.11125,3.02625,-1.3662917759011963
39-6010.00,3.06,2.1625,2.8775,-1.3802258284923652
39-6020.00,3.06,2.1625,2.8775,-1.3802258284923652
39-6030.00,3.06,2.1625,2.8775,-1.3802258284923652
39-7010.00,3.0616666666666665,2.21,2.445,-1.2162489190067785
39-9021.00,3.2060000000000004,2.0699999999999994,2.382,-1.2914675746554356
39-9030.00,3.5716666666666668,2.2625,2.42,-1.336828869739564
39-9099.00,3.2060000000000004,2.0699999999999994,2.382,-1.2914675746554356
41-2010.00,2.4533333333333336,2.9125,2.5324999999999998,-0.759450799040583
41-3099.00,3.360833333333334,2.1862500000000002,2.17875,-1.2019659173279564
41-4010.00,3.031111111111111,2.2116666666666664,2.4466666666666668,-1.1797599189572783
41-9010.00,2.6066666666666665,2.0125,2.1075,-0.931799220301283
41-9020.00,3.6066666666666665,2.115,2.445,-1.4175618083393402
41-9099.00,2.4433333333333334,1.54,2.2800000000000002,-1.2857562537712621
43-2099.00,2.51,2.8025,2.2325,-0.6900262463793785
43-3099.00,2.904761904761905,3.0507142857142853,2.2271428571428573,-0.7297561166604757
43-4199.00,3.13,2.90125,2.243125,-0.8751073844093373
43-5030.00,3.3533333333333335,3.29,3.06,-1.130573555872934
43-5081.00,2.91969696969697,3.148181818181818,3.2959090909090913,-1.0919446015969854
43-6010.00,3.1883333333333335,2.7699999999999996,2.31,-0.9729586105796351
43-9011.00,2.862916666666667,3.064375,2.4487500000000004,-0.8175151404192484
43-9199.00,3.7733333333333334,2.275,1.47,-0.8912411324946583
45-1010.00,2.986666666666667,2.765,3.675,-1.3786704360092312
45-2090.00,2.8211111111111116,2.5533333333333332,3.7016666666666667,-1.4145990140033102
45-3011.00,2.926666666666667,2.25,3.9850000000000003,-1.6454712150047655
45-3021.00,2.926666666666667,2.25,3.9850000000000003,-1.6454712150047655
45-4020.00,2.4933333333333336,3.4250000000000003,4.351666666666667,-1.1402904486097516
47-2020.00,3.08,2.5625,4.2299999999999995,-1.6285523497545102
47-2040.00,2.9483333333333337,2.31125,3.9787500000000007,-1.6511918416619302
47-2050.00,2.7666666666666666,3.3899999999999997,4.199999999999999,-1.2370817146115232
47-2080.00,2.206666666666667,2.385,3.785,-1.262526131882526
47-2130.00,2.8016666666666667,2.1925,3.955,-1.6240087693734018
47-2150.00,3.057777777777778,2.5116666666666667,3.7916666666666665,-1.5189203854704063
47-3010.00,3.0611111111111113,2.7374999999999994,4.110833333333333,-1.5149703373298946
47-4090.00,3.2383333333333333,2.665,3.73,-1.5113279427437507
47-5010.00,2.936666666666667,3.9316666666666666,4.113333333333333,-1.1166635590694134
47-5021.00,3.0716666666666663,3.19,4.55,-1.484692416334723
47-5031.00,3.293333333333333,3.34,4.22,-1.425764544150978
47-5040.00,2.6088888888888886,3.6233333333333335,4.578333333333333,-1.195141951670838
47-5061.00,2.9227777777777777,3.4737500000000003,4.3566666666666665,-1.2961358699599568
49-2020.00,3.541666666666667,2.355,4.237500000000001,-1.8531270681677243
49-3040.00,3.241111111111111,2.796666666666667,4.445,-1.6383170570852819
49-3050.00,3.19,2.3533333333333335,4.396666666666667,-1.7894570729928507
49-3090.00,2.936666666666667,2.2266666666666666,3.965,-1.6866005855132429
49-9010.00,3.036666666666667,2.5975,4.1975,-1.591895820949361
49-9042.00,3.1583333333333337,3.3425000000000002,4.07,-1.3437136657487732
49-9060.00,2.9250000000000003,2.18125,3.4087500000000004,-1.522622687703848
51-2020.00,2.7533333333333334,2.9316666666666666,3.296666666666667,-1.129826100870378
51-2090.00,2.7266666666666666,2.835,3.4250000000000003,-1.1921393964810192
51-3020.00,2.6999999999999997,3.598333333333333,3.4983333333333335,-0.9573625870519731
51-3099.00,3.0877777777777777,3.7183333333333333,3.625,-1.1067028804196726
51-4010.00,2.916875,3.664375,3.7246875,-1.0849136359372364
51-4050.00,2.783333333333333,3.415,3.7675,-1.1419620401322004
51-4060.00,2.955,3.4274999999999998,3.645,-1.144303711367467
51-4070.00,2.4233333333333333,3.52,3.6900000000000004,-0.9296542830238642
51-4120.00,2.8183333333333334,3.1025,3.74,-1.2166588853366633
51-4199.00,2.9066666666666667,3.43125,3.9175000000000004,-1.2030456100174516
51-5010.00,3.2355555555555555,3.4949999999999997,3.4933333333333336,-1.1575868928138429
51-5021.00,3.2355555555555555,3.4949999999999997,3.4933333333333336,-1.1575868928138429
51-5022.00,3.2355555555555555,3.4949999999999997,3.4933333333333336,-1.1575868928138429
51-5023.00,3.2355555555555555,3.4949999999999997,3.4933333333333336,-1.1575868928138429
51-6050.00,2.6399999999999997,3.4574999999999996,2.9850000000000003,-0.8074694312352559
51-6099.00,3.1411111111111105,2.7216666666666662,3.4899999999999998,-1.3933598908493119
51-7030.00,3.5216666666666665,3.2225,3.6375,-1.3809324449444302
51-7099.00,2.981666666666667,2.994166666666667,3.6283333333333334,-1.2859074934901815
51-8010.00,3.3086666666666664,3.248,3.2689999999999997,-1.1976185392696457
51-8090.00,3.016666666666667,3.8625,3.4924999999999997,-0.9973454842511749
51-9010.00,3.045,3.5825,3.5675,-1.111514041707843
51-9020.00,3.071111111111111,3.7083333333333335,4.123333333333334,-1.2069201374904523
51-9030.00,2.6633333333333336,3.2775000000000003,3.6975,-1.11318203716844
51-9080.00,3.2322222222222217,3.2883333333333327,3.293333333333333,-1.1751566415085608
51-9120.00,2.69,2.7225,3.375,-1.2016256630972206
51-9130.00,2.903518518518519,3.4163888888888887,3.654722222222222,-1.1324647625157624
51-9199.00,2.8815151515151514,3.431818181818181,3.8072727272727267,-1.158128289171666
53-1000.00,3.403333333333333,3.1625,3.1075,-1.195507856675955
53-2010.00,3.755,3.255,4.4325,-1.6363359926028973
53-2020.00,3.421666666666667,3.3825,3.38,-1.2072405404675208
53-3020.00,2.7528571428571427,2.9292857142857143,4.3914285714285715,-1.414634305482656
53-3030.00,2.65,3.16,4.471666666666667,-1.3189294803995966
53-3041.00,2.7528571428571427,2.9292857142857143,4.3914285714285715,-1.414634305482656
53-3099.00,2.7528571428571427,2.9292857142857143,4.3914285714285715,-1.414634305482656
53-4010.00,3.1799999999999997,2.9275,4.45,-1.5797129148112217
53-4021.00,2.7733333333333334,3.1950000000000003,4.09,-1.2670078483902196
53-5020.00,2.9299999999999997,3.1125,4.265,-1.3866195242028097
53-7030.00,2.766666666666667,2.38,3.945,-1.5229916927488967
53-7070.00,3.404444444444444,3.315,3.966666666666667,-1.4058304574264764
53-7111.00,3.526666666666667,4.005,4.23,-1.3150115502999078
53-7199.00,3.526666666666667,4.005,4.23,-1.3150115502999078
